species,fastq,total,superkingdom,kingdom,phylum,class,order,family,genus,tax
Trypanosoma brucei,152560,152560,Eukaryota,Eukaryota_Incertae_sedis,Euglenozoa,Kinetoplastea,Trypanosomatida,Trypanosomatidae,Trypanosoma,Eukaryota;Eukaryota_Incertae_sedis;Euglenozoa;Kinetoplastea;Trypanosomatida;Trypanosomatidae;Trypanosoma;Trypanosoma brucei
Unknown,17833,17833,Unclassified,Unknown,Unknown,Unknown,Unknown,Unknown,Unknown,Unclassified;Unknown;Unknown;Unknown;Unknown;Unknown;Unknown;Unknown
Escherichia coli,6540,6540,Bacteria,Bacteria_none,Pseudomonadota,Gammaproteobacteria,Enterobacterales,Enterobacteriaceae,Escherichia,Bacteria;Bacteria_none;Pseudomonadota;Gammaproteobacteria;Enterobacterales;Enterobacteriaceae;Escherichia;Escherichia coli
Homo sapiens,2016,2016,Eukaryota,Metazoa,Chordata,Mammalia,Primates,Hominidae,Homo,Eukaryota;Metazoa;Chordata;Mammalia;Primates;Hominidae;Homo;Homo sapiens
Salmonella enterica,181,181,Bacteria,Bacteria_none,Pseudomonadota,Gammaproteobacteria,Enterobacterales,Enterobacteriaceae,Salmonella,Bacteria;Bacteria_none;Pseudomonadota;Gammaproteobacteria;Enterobacterales;Enterobacteriaceae;Salmonella;Salmonella enterica
Lupinus angustifolius,98,98,Eukaryota,Viridiplantae,Streptophyta,Magnoliopsida,Fabales,Fabaceae,Lupinus,Eukaryota;Viridiplantae;Streptophyta;Magnoliopsida;Fabales;Fabaceae;Lupinus;Lupinus angustifolius
Citrobacter freundii,77,77,Bacteria,Bacteria_none,Pseudomonadota,Gammaproteobacteria,Enterobacterales,Enterobacteriaceae,Citrobacter,Bacteria;Bacteria_none;Pseudomonadota;Gammaproteobacteria;Enterobacterales;Enterobacteriaceae;Citrobacter;Citrobacter freundii
Zingiber officinale,75,75,Eukaryota,Viridiplantae,Streptophyta,Magnoliopsida,Zingiberales,Zingiberaceae,Zingiber,Eukaryota;Viridiplantae;Streptophyta;Magnoliopsida;Zingiberales;Zingiberaceae;Zingiber;Zingiber officinale
Klebsiella quasipneumoniae,63,63,Bacteria,Bacteria_none,Pseudomonadota,Gammaproteobacteria,Enterobacterales,Enterobacteriaceae,Klebsiella,Bacteria;Bacteria_none;Pseudomonadota;Gammaproteobacteria;Enterobacterales;Enterobacteriaceae;Klebsiella;Klebsiella quasipneumoniae
Pisum sativum,63,63,Eukaryota,Viridiplantae,Streptophyta,Magnoliopsida,Fabales,Fabaceae,Pisum,Eukaryota;Viridiplantae;Streptophyta;Magnoliopsida;Fabales;Fabaceae;Pisum;Pisum sativum
Escherichia marmotae,51,51,Bacteria,Bacteria_none,Pseudomonadota,Gammaproteobacteria,Enterobacterales,Enterobacteriaceae,Escherichia,Bacteria;Bacteria_none;Pseudomonadota;Gammaproteobacteria;Enterobacterales;Enterobacteriaceae;Escherichia;Escherichia marmotae
Capsicum annuum,46,46,Eukaryota,Viridiplantae,Streptophyta,Magnoliopsida,Solanales,Solanaceae,Capsicum,Eukaryota;Viridiplantae;Streptophyta;Magnoliopsida;Solanales;Solanaceae;Capsicum;Capsicum annuum
Escherichia albertii,42,42,Bacteria,Bacteria_none,Pseudomonadota,Gammaproteobacteria,Enterobacterales,Enterobacteriaceae,Escherichia,Bacteria;Bacteria_none;Pseudomonadota;Gammaproteobacteria;Enterobacterales;Enterobacteriaceae;Escherichia;Escherichia albertii
Cucumis melo,36,36,Eukaryota,Viridiplantae,Streptophyta,Magnoliopsida,Cucurbitales,Cucurbitaceae,Cucumis,Eukaryota;Viridiplantae;Streptophyta;Magnoliopsida;Cucurbitales;Cucurbitaceae;Cucumis;Cucumis melo
Pseudomonas sp. AN-B15,32,32,Bacteria,Bacteria_none,Pseudomonadota,Gammaproteobacteria,Pseudomonadales,Pseudomonadaceae,Pseudomonas,Bacteria;Bacteria_none;Pseudomonadota;Gammaproteobacteria;Pseudomonadales;Pseudomonadaceae;Pseudomonas;Pseudomonas sp. AN-B15
Phoenix dactylifera,30,30,Eukaryota,Viridiplantae,Streptophyta,Magnoliopsida,Arecales,Arecaceae,Phoenix,Eukaryota;Viridiplantae;Streptophyta;Magnoliopsida;Arecales;Arecaceae;Phoenix;Phoenix dactylifera
Helianthus annuus,28,28,Eukaryota,Viridiplantae,Streptophyta,Magnoliopsida,Asterales,Asteraceae,Helianthus,Eukaryota;Viridiplantae;Streptophyta;Magnoliopsida;Asterales;Asteraceae;Helianthus;Helianthus annuus
Medicago truncatula,27,27,Eukaryota,Viridiplantae,Streptophyta,Magnoliopsida,Fabales,Fabaceae,Medicago,Eukaryota;Viridiplantae;Streptophyta;Magnoliopsida;Fabales;Fabaceae;Medicago;Medicago truncatula
Sandaracinus amylolyticus,25,25,Bacteria,Bacteria_none,Pseudomonadota,Deltaproteobacteria,Myxococcales,Sandaracinaceae,Sandaracinus,Bacteria;Bacteria_none;Pseudomonadota;Deltaproteobacteria;Myxococcales;Sandaracinaceae;Sandaracinus;Sandaracinus amylolyticus
Triticum dicoccoides,24,24,Eukaryota,Viridiplantae,Streptophyta,Magnoliopsida,Poales,Poaceae,Triticum,Eukaryota;Viridiplantae;Streptophyta;Magnoliopsida;Poales;Poaceae;Triticum;Triticum dicoccoides
Ricinus communis,23,23,Eukaryota,Viridiplantae,Streptophyta,Magnoliopsida,Malpighiales,Euphorbiaceae,Ricinus,Eukaryota;Viridiplantae;Streptophyta;Magnoliopsida;Malpighiales;Euphorbiaceae;Ricinus;Ricinus communis
Leishmania mexicana,21,21,Eukaryota,Eukaryota_Incertae_sedis,Euglenozoa,Kinetoplastea,Trypanosomatida,Trypanosomatidae,Leishmania,Eukaryota;Eukaryota_Incertae_sedis;Euglenozoa;Kinetoplastea;Trypanosomatida;Trypanosomatidae;Leishmania;Leishmania mexicana
Glycine soja,21,21,Eukaryota,Viridiplantae,Streptophyta,Magnoliopsida,Fabales,Fabaceae,Glycine,Eukaryota;Viridiplantae;Streptophyta;Magnoliopsida;Fabales;Fabaceae;Glycine;Glycine soja
Gossypium arboreum,20,20,Eukaryota,Viridiplantae,Streptophyta,Magnoliopsida,Malvales,Malvaceae,Gossypium,Eukaryota;Viridiplantae;Streptophyta;Magnoliopsida;Malvales;Malvaceae;Gossypium;Gossypium arboreum
Brassica napus,19,19,Eukaryota,Viridiplantae,Streptophyta,Magnoliopsida,Brassicales,Brassicaceae,Brassica,Eukaryota;Viridiplantae;Streptophyta;Magnoliopsida;Brassicales;Brassicaceae;Brassica;Brassica napus
Gossypium hirsutum,19,19,Eukaryota,Viridiplantae,Streptophyta,Magnoliopsida,Malvales,Malvaceae,Gossypium,Eukaryota;Viridiplantae;Streptophyta;Magnoliopsida;Malvales;Malvaceae;Gossypium;Gossypium hirsutum
Nicotiana attenuata,19,19,Eukaryota,Viridiplantae,Streptophyta,Magnoliopsida,Solanales,Solanaceae,Nicotiana,Eukaryota;Viridiplantae;Streptophyta;Magnoliopsida;Solanales;Solanaceae;Nicotiana;Nicotiana attenuata
Arachis hypogaea,16,16,Eukaryota,Viridiplantae,Streptophyta,Magnoliopsida,Fabales,Fabaceae,Arachis,Eukaryota;Viridiplantae;Streptophyta;Magnoliopsida;Fabales;Fabaceae;Arachis;Arachis hypogaea
Aegilops tauschii,16,16,Eukaryota,Viridiplantae,Streptophyta,Magnoliopsida,Poales,Poaceae,Aegilops,Eukaryota;Viridiplantae;Streptophyta;Magnoliopsida;Poales;Poaceae;Aegilops;Aegilops tauschii
Impatiens glandulifera,15,15,Eukaryota,Viridiplantae,Streptophyta,Magnoliopsida,Ericales,Balsaminaceae,Impatiens,Eukaryota;Viridiplantae;Streptophyta;Magnoliopsida;Ericales;Balsaminaceae;Impatiens;Impatiens glandulifera
Phaseolus vulgaris,15,15,Eukaryota,Viridiplantae,Streptophyta,Magnoliopsida,Fabales,Fabaceae,Phaseolus,Eukaryota;Viridiplantae;Streptophyta;Magnoliopsida;Fabales;Fabaceae;Phaseolus;Phaseolus vulgaris
Juglans microcarpa x Juglans regia,15,15,Eukaryota,Viridiplantae,Streptophyta,Magnoliopsida,Fagales,Juglandaceae,Juglans,Eukaryota;Viridiplantae;Streptophyta;Magnoliopsida;Fagales;Juglandaceae;Juglans;Juglans microcarpa x Juglans regia
Cajanus cajan,14,14,Eukaryota,Viridiplantae,Streptophyta,Magnoliopsida,Fabales,Fabaceae,Cajanus,Eukaryota;Viridiplantae;Streptophyta;Magnoliopsida;Fabales;Fabaceae;Cajanus;Cajanus cajan
Mercurialis annua,14,14,Eukaryota,Viridiplantae,Streptophyta,Magnoliopsida,Malpighiales,Euphorbiaceae,Mercurialis,Eukaryota;Viridiplantae;Streptophyta;Magnoliopsida;Malpighiales;Euphorbiaceae;Mercurialis;Mercurialis annua
Sorghum bicolor,14,14,Eukaryota,Viridiplantae,Streptophyta,Magnoliopsida,Poales,Poaceae,Sorghum,Eukaryota;Viridiplantae;Streptophyta;Magnoliopsida;Poales;Poaceae;Sorghum;Sorghum bicolor
Hordeum vulgare,13,13,Eukaryota,Viridiplantae,Streptophyta,Magnoliopsida,Poales,Poaceae,Hordeum,Eukaryota;Viridiplantae;Streptophyta;Magnoliopsida;Poales;Poaceae;Hordeum;Hordeum vulgare
Vitis vinifera,13,13,Eukaryota,Viridiplantae,Streptophyta,Magnoliopsida,Vitales,Vitaceae,Vitis,Eukaryota;Viridiplantae;Streptophyta;Magnoliopsida;Vitales;Vitaceae;Vitis;Vitis vinifera
Elaeis guineensis,12,12,Eukaryota,Viridiplantae,Streptophyta,Magnoliopsida,Arecales,Arecaceae,Elaeis,Eukaryota;Viridiplantae;Streptophyta;Magnoliopsida;Arecales;Arecaceae;Elaeis;Elaeis guineensis
Cannabis sativa,12,12,Eukaryota,Viridiplantae,Streptophyta,Magnoliopsida,Rosales,Cannabaceae,Cannabis,Eukaryota;Viridiplantae;Streptophyta;Magnoliopsida;Rosales;Cannabaceae;Cannabis;Cannabis sativa
Curtobacterium flaccumfaciens,11,11,Bacteria,Bacteria_none,Actinomycetota,Actinomycetes,Micrococcales,Microbacteriaceae,Curtobacterium,Bacteria;Bacteria_none;Actinomycetota;Actinomycetes;Micrococcales;Microbacteriaceae;Curtobacterium;Curtobacterium flaccumfaciens
Escherichia fergusonii,11,11,Bacteria,Bacteria_none,Pseudomonadota,Gammaproteobacteria,Enterobacterales,Enterobacteriaceae,Escherichia,Bacteria;Bacteria_none;Pseudomonadota;Gammaproteobacteria;Enterobacterales;Enterobacteriaceae;Escherichia;Escherichia fergusonii
Shigella flexneri,11,11,Bacteria,Bacteria_none,Pseudomonadota,Gammaproteobacteria,Enterobacterales,Enterobacteriaceae,Shigella,Bacteria;Bacteria_none;Pseudomonadota;Gammaproteobacteria;Enterobacterales;Enterobacteriaceae;Shigella;Shigella flexneri
Panicum virgatum,11,11,Eukaryota,Viridiplantae,Streptophyta,Magnoliopsida,Poales,Poaceae,Panicum,Eukaryota;Viridiplantae;Streptophyta;Magnoliopsida;Poales;Poaceae;Panicum;Panicum virgatum
Quercus lobata,10,10,Eukaryota,Viridiplantae,Streptophyta,Magnoliopsida,Fagales,Fagaceae,Quercus,Eukaryota;Viridiplantae;Streptophyta;Magnoliopsida;Fagales;Fagaceae;Quercus;Quercus lobata
Papaver somniferum,10,10,Eukaryota,Viridiplantae,Streptophyta,Magnoliopsida,Ranunculales,Papaveraceae,Papaver,Eukaryota;Viridiplantae;Streptophyta;Magnoliopsida;Ranunculales;Papaveraceae;Papaver;Papaver somniferum
Solanum lycopersicum,10,10,Eukaryota,Viridiplantae,Streptophyta,Magnoliopsida,Solanales,Solanaceae,Solanum,Eukaryota;Viridiplantae;Streptophyta;Magnoliopsida;Solanales;Solanaceae;Solanum;Solanum lycopersicum
Rosa chinensis,9,9,Eukaryota,Viridiplantae,Streptophyta,Magnoliopsida,Rosales,Rosaceae,Rosa,Eukaryota;Viridiplantae;Streptophyta;Magnoliopsida;Rosales;Rosaceae;Rosa;Rosa chinensis
Pseudomonas sp. L5B5,8,8,Bacteria,Bacteria_none,Pseudomonadota,Gammaproteobacteria,Pseudomonadales,Pseudomonadaceae,Pseudomonas,Bacteria;Bacteria_none;Pseudomonadota;Gammaproteobacteria;Pseudomonadales;Pseudomonadaceae;Pseudomonas;Pseudomonas sp. L5B5
Asparagus officinalis,8,8,Eukaryota,Viridiplantae,Streptophyta,Magnoliopsida,Asparagales,Asparagaceae,Asparagus,Eukaryota;Viridiplantae;Streptophyta;Magnoliopsida;Asparagales;Asparagaceae;Asparagus;Asparagus officinalis
Lactuca sativa,8,8,Eukaryota,Viridiplantae,Streptophyta,Magnoliopsida,Asterales,Asteraceae,Lactuca,Eukaryota;Viridiplantae;Streptophyta;Magnoliopsida;Asterales;Asteraceae;Lactuca;Lactuca sativa
Benincasa hispida,8,8,Eukaryota,Viridiplantae,Streptophyta,Magnoliopsida,Cucurbitales,Cucurbitaceae,Benincasa,Eukaryota;Viridiplantae;Streptophyta;Magnoliopsida;Cucurbitales;Cucurbitaceae;Benincasa;Benincasa hispida
Diospyros lotus,8,8,Eukaryota,Viridiplantae,Streptophyta,Magnoliopsida,Ericales,Ebenaceae,Diospyros,Eukaryota;Viridiplantae;Streptophyta;Magnoliopsida;Ericales;Ebenaceae;Diospyros;Diospyros lotus
Arachis duranensis,8,8,Eukaryota,Viridiplantae,Streptophyta,Magnoliopsida,Fabales,Fabaceae,Arachis,Eukaryota;Viridiplantae;Streptophyta;Magnoliopsida;Fabales;Fabaceae;Arachis;Arachis duranensis
Vigna angularis,8,8,Eukaryota,Viridiplantae,Streptophyta,Magnoliopsida,Fabales,Fabaceae,Vigna,Eukaryota;Viridiplantae;Streptophyta;Magnoliopsida;Fabales;Fabaceae;Vigna;Vigna angularis
Vigna unguiculata,8,8,Eukaryota,Viridiplantae,Streptophyta,Magnoliopsida,Fabales,Fabaceae,Vigna,Eukaryota;Viridiplantae;Streptophyta;Magnoliopsida;Fabales;Fabaceae;Vigna;Vigna unguiculata
Telopea speciosissima,8,8,Eukaryota,Viridiplantae,Streptophyta,Magnoliopsida,Proteales,Proteaceae,Telopea,Eukaryota;Viridiplantae;Streptophyta;Magnoliopsida;Proteales;Proteaceae;Telopea;Telopea speciosissima
Solanum stenotomum,8,8,Eukaryota,Viridiplantae,Streptophyta,Magnoliopsida,Solanales,Solanaceae,Solanum,Eukaryota;Viridiplantae;Streptophyta;Magnoliopsida;Solanales;Solanaceae;Solanum;Solanum stenotomum
Musa acuminata,8,8,Eukaryota,Viridiplantae,Streptophyta,Magnoliopsida,Zingiberales,Musaceae,Musa,Eukaryota;Viridiplantae;Streptophyta;Magnoliopsida;Zingiberales;Musaceae;Musa;Musa acuminata
Arthrobacter woluwensis,7,7,Bacteria,Bacteria_none,Actinomycetota,Actinomycetes,Micrococcales,Micrococcaceae,Arthrobacter,Bacteria;Bacteria_none;Actinomycetota;Actinomycetes;Micrococcales;Micrococcaceae;Arthrobacter;Arthrobacter woluwensis
Mycoplasmopsis agalactiae,7,7,Bacteria,Bacteria_none,Mycoplasmatota,Mollicutes,Mycoplasmatales,Mycoplasmataceae,Mycoplasmopsis,Bacteria;Bacteria_none;Mycoplasmatota;Mollicutes;Mycoplasmatales;Mycoplasmataceae;Mycoplasmopsis;Mycoplasmopsis agalactiae
Pantoea sp. CCBC3-3-1,7,7,Bacteria,Bacteria_none,Pseudomonadota,Gammaproteobacteria,Enterobacterales,Erwiniaceae,Pantoea,Bacteria;Bacteria_none;Pseudomonadota;Gammaproteobacteria;Enterobacterales;Erwiniaceae;Pantoea;Pantoea sp. CCBC3-3-1
Physcomitrium patens,7,7,Eukaryota,Viridiplantae,Streptophyta,Bryopsida,Funariales,Funariaceae,Physcomitrium,Eukaryota;Viridiplantae;Streptophyta;Bryopsida;Funariales;Funariaceae;Physcomitrium;Physcomitrium patens
Olea europaea,7,7,Eukaryota,Viridiplantae,Streptophyta,Magnoliopsida,Lamiales,Oleaceae,Olea,Eukaryota;Viridiplantae;Streptophyta;Magnoliopsida;Lamiales;Oleaceae;Olea;Olea europaea
Oryza sativa,7,7,Eukaryota,Viridiplantae,Streptophyta,Magnoliopsida,Poales,Poaceae,Oryza,Eukaryota;Viridiplantae;Streptophyta;Magnoliopsida;Poales;Poaceae;Oryza;Oryza sativa
Juglans regia,6,6,Eukaryota,Viridiplantae,Streptophyta,Magnoliopsida,Fagales,Juglandaceae,Juglans,Eukaryota;Viridiplantae;Streptophyta;Magnoliopsida;Fagales;Juglandaceae;Juglans;Juglans regia
Coffea eugenioides,6,6,Eukaryota,Viridiplantae,Streptophyta,Magnoliopsida,Gentianales,Rubiaceae,Coffea,Eukaryota;Viridiplantae;Streptophyta;Magnoliopsida;Gentianales;Rubiaceae;Coffea;Coffea eugenioides
Populus trichocarpa,6,6,Eukaryota,Viridiplantae,Streptophyta,Magnoliopsida,Malpighiales,Salicaceae,Populus,Eukaryota;Viridiplantae;Streptophyta;Magnoliopsida;Malpighiales;Salicaceae;Populus;Populus trichocarpa
Gossypium raimondii,6,6,Eukaryota,Viridiplantae,Streptophyta,Magnoliopsida,Malvales,Malvaceae,Gossypium,Eukaryota;Viridiplantae;Streptophyta;Magnoliopsida;Malvales;Malvaceae;Gossypium;Gossypium raimondii
Triticum urartu,6,6,Eukaryota,Viridiplantae,Streptophyta,Magnoliopsida,Poales,Poaceae,Triticum,Eukaryota;Viridiplantae;Streptophyta;Magnoliopsida;Poales;Poaceae;Triticum;Triticum urartu
Macadamia integrifolia,6,6,Eukaryota,Viridiplantae,Streptophyta,Magnoliopsida,Proteales,Proteaceae,Macadamia,Eukaryota;Viridiplantae;Streptophyta;Magnoliopsida;Proteales;Proteaceae;Macadamia;Macadamia integrifolia
Prunus dulcis,6,6,Eukaryota,Viridiplantae,Streptophyta,Magnoliopsida,Rosales,Rosaceae,Prunus,Eukaryota;Viridiplantae;Streptophyta;Magnoliopsida;Rosales;Rosaceae;Prunus;Prunus dulcis
Shigella dysenteriae,5,5,Bacteria,Bacteria_none,Pseudomonadota,Gammaproteobacteria,Enterobacterales,Enterobacteriaceae,Shigella,Bacteria;Bacteria_none;Pseudomonadota;Gammaproteobacteria;Enterobacterales;Enterobacteriaceae;Shigella;Shigella dysenteriae
Pseudomonas aeruginosa,5,5,Bacteria,Bacteria_none,Pseudomonadota,Gammaproteobacteria,Pseudomonadales,Pseudomonadaceae,Pseudomonas,Bacteria;Bacteria_none;Pseudomonadota;Gammaproteobacteria;Pseudomonadales;Pseudomonadaceae;Pseudomonas;Pseudomonas aeruginosa
Lysobacter enzymogenes,5,5,Bacteria,Bacteria_none,Pseudomonadota,Gammaproteobacteria,Xanthomonadales,Xanthomonadaceae,Lysobacter,Bacteria;Bacteria_none;Pseudomonadota;Gammaproteobacteria;Xanthomonadales;Xanthomonadaceae;Lysobacter;Lysobacter enzymogenes
Plasmodium gaboni,5,5,Eukaryota,Eukaryota_Incertae_sedis,Apicomplexa,Aconoidasida,Haemosporida,Plasmodiidae,Plasmodium,Eukaryota;Eukaryota_Incertae_sedis;Apicomplexa;Aconoidasida;Haemosporida;Plasmodiidae;Plasmodium;Plasmodium gaboni
Daucus carota,5,5,Eukaryota,Viridiplantae,Streptophyta,Magnoliopsida,Apiales,Apiaceae,Daucus,Eukaryota;Viridiplantae;Streptophyta;Magnoliopsida;Apiales;Apiaceae;Daucus;Daucus carota
Beta vulgaris,5,5,Eukaryota,Viridiplantae,Streptophyta,Magnoliopsida,Caryophyllales,Chenopodiaceae,Beta,Eukaryota;Viridiplantae;Streptophyta;Magnoliopsida;Caryophyllales;Chenopodiaceae;Beta;Beta vulgaris
Coffea arabica,5,5,Eukaryota,Viridiplantae,Streptophyta,Magnoliopsida,Gentianales,Rubiaceae,Coffea,Eukaryota;Viridiplantae;Streptophyta;Magnoliopsida;Gentianales;Rubiaceae;Coffea;Coffea arabica
Nymphaea colorata,5,5,Eukaryota,Viridiplantae,Streptophyta,Magnoliopsida,Nymphaeales,Nymphaeaceae,Nymphaea,Eukaryota;Viridiplantae;Streptophyta;Magnoliopsida;Nymphaeales;Nymphaeaceae;Nymphaea;Nymphaea colorata
Triticum aestivum,5,5,Eukaryota,Viridiplantae,Streptophyta,Magnoliopsida,Poales,Poaceae,Triticum,Eukaryota;Viridiplantae;Streptophyta;Magnoliopsida;Poales;Poaceae;Triticum;Triticum aestivum
Zea mays,5,5,Eukaryota,Viridiplantae,Streptophyta,Magnoliopsida,Poales,Poaceae,Zea,Eukaryota;Viridiplantae;Streptophyta;Magnoliopsida;Poales;Poaceae;Zea;Zea mays
Ziziphus jujuba,5,5,Eukaryota,Viridiplantae,Streptophyta,Magnoliopsida,Rosales,Rhamnaceae,Ziziphus,Eukaryota;Viridiplantae;Streptophyta;Magnoliopsida;Rosales;Rhamnaceae;Ziziphus;Ziziphus jujuba
Malus sylvestris,5,5,Eukaryota,Viridiplantae,Streptophyta,Magnoliopsida,Rosales,Rosaceae,Malus,Eukaryota;Viridiplantae;Streptophyta;Magnoliopsida;Rosales;Rosaceae;Malus;Malus sylvestris
Vitis riparia,5,5,Eukaryota,Viridiplantae,Streptophyta,Magnoliopsida,Vitales,Vitaceae,Vitis,Eukaryota;Viridiplantae;Streptophyta;Magnoliopsida;Vitales;Vitaceae;Vitis;Vitis riparia
Cynara cardunculus,4,4,Eukaryota,Viridiplantae,Streptophyta,Magnoliopsida,Asterales,Asteraceae,Cynara,Eukaryota;Viridiplantae;Streptophyta;Magnoliopsida;Asterales;Asteraceae;Cynara;Cynara cardunculus
Cucumis sativus,4,4,Eukaryota,Viridiplantae,Streptophyta,Magnoliopsida,Cucurbitales,Cucurbitaceae,Cucumis,Eukaryota;Viridiplantae;Streptophyta;Magnoliopsida;Cucurbitales;Cucurbitaceae;Cucumis;Cucumis sativus
Cicer arietinum,4,4,Eukaryota,Viridiplantae,Streptophyta,Magnoliopsida,Fabales,Fabaceae,Cicer,Eukaryota;Viridiplantae;Streptophyta;Magnoliopsida;Fabales;Fabaceae;Cicer;Cicer arietinum
Vigna radiata,4,4,Eukaryota,Viridiplantae,Streptophyta,Magnoliopsida,Fabales,Fabaceae,Vigna,Eukaryota;Viridiplantae;Streptophyta;Magnoliopsida;Fabales;Fabaceae;Vigna;Vigna radiata
Manihot esculenta,4,4,Eukaryota,Viridiplantae,Streptophyta,Magnoliopsida,Malpighiales,Euphorbiaceae,Manihot,Eukaryota;Viridiplantae;Streptophyta;Magnoliopsida;Malpighiales;Euphorbiaceae;Manihot;Manihot esculenta
Panicum hallii,4,4,Eukaryota,Viridiplantae,Streptophyta,Magnoliopsida,Poales,Poaceae,Panicum,Eukaryota;Viridiplantae;Streptophyta;Magnoliopsida;Poales;Poaceae;Panicum;Panicum hallii
Ipomoea triloba,4,4,Eukaryota,Viridiplantae,Streptophyta,Magnoliopsida,Solanales,Convolvulaceae,Ipomoea,Eukaryota;Viridiplantae;Streptophyta;Magnoliopsida;Solanales;Convolvulaceae;Ipomoea;Ipomoea triloba
Collinsella aerofaciens,3,3,Bacteria,Bacteria_none,Actinomycetota,Coriobacteriia,Coriobacteriales,Coriobacteriaceae,Collinsella,Bacteria;Bacteria_none;Actinomycetota;Coriobacteriia;Coriobacteriales;Coriobacteriaceae;Collinsella;Collinsella aerofaciens
Exiguobacterium marinum,3,3,Bacteria,Bacteria_none,Bacillota,Bacilli,Bacillales,Bacillales_Incertae_sedis,Exiguobacterium,Bacteria;Bacteria_none;Bacillota;Bacilli;Bacillales;Bacillales_Incertae_sedis;Exiguobacterium;Exiguobacterium marinum
Staphylococcus equorum,3,3,Bacteria,Bacteria_none,Bacillota,Bacilli,Bacillales,Staphylococcaceae,Staphylococcus,Bacteria;Bacteria_none;Bacillota;Bacilli;Bacillales;Staphylococcaceae;Staphylococcus;Staphylococcus equorum
Ligilactobacillus acidipiscis,3,3,Bacteria,Bacteria_none,Bacillota,Bacilli,Lactobacillales,Lactobacillaceae,Ligilactobacillus,Bacteria;Bacteria_none;Bacillota;Bacilli;Lactobacillales;Lactobacillaceae;Ligilactobacillus;Ligilactobacillus acidipiscis
Heliorestis convoluta,3,3,Bacteria,Bacteria_none,Bacillota,Clostridia,Eubacteriales,Heliobacteriaceae,Heliorestis,Bacteria;Bacteria_none;Bacillota;Clostridia;Eubacteriales;Heliobacteriaceae;Heliorestis;Heliorestis convoluta
Flavobacterium sp. CS20,3,3,Bacteria,Bacteria_none,Bacteroidota,Flavobacteriia,Flavobacteriales,Flavobacteriaceae,Flavobacterium,Bacteria;Bacteria_none;Bacteroidota;Flavobacteriia;Flavobacteriales;Flavobacteriaceae;Flavobacterium;Flavobacterium sp. CS20
Alicycliphilus denitrificans,3,3,Bacteria,Bacteria_none,Pseudomonadota,Betaproteobacteria,Burkholderiales,Comamonadaceae,Alicycliphilus,Bacteria;Bacteria_none;Pseudomonadota;Betaproteobacteria;Burkholderiales;Comamonadaceae;Alicycliphilus;Alicycliphilus denitrificans
Variovorax sp. RA8,3,3,Bacteria,Bacteria_none,Pseudomonadota,Betaproteobacteria,Burkholderiales,Comamonadaceae,Variovorax,Bacteria;Bacteria_none;Pseudomonadota;Betaproteobacteria;Burkholderiales;Comamonadaceae;Variovorax;Variovorax sp. RA8
Pseudoalteromonas piratica,3,3,Bacteria,Bacteria_none,Pseudomonadota,Gammaproteobacteria,Alteromonadales,Pseudoalteromonadaceae,Pseudoalteromonas,Bacteria;Bacteria_none;Pseudomonadota;Gammaproteobacteria;Alteromonadales;Pseudoalteromonadaceae;Pseudoalteromonas;Pseudoalteromonas piratica
secondary endosymbiont of Ctenarytaina eucalypti,3,3,Bacteria,Bacteria_none,Pseudomonadota,Gammaproteobacteria,Enterobacterales,Enterobacteriaceae,Enterobacteriaceae_Incertae_sedis,Bacteria;Bacteria_none;Pseudomonadota;Gammaproteobacteria;Enterobacterales;Enterobacteriaceae;Enterobacteriaceae_Incertae_sedis;secondary endosymbiont of Ctenarytaina eucalypti
Pseudomonas sp. TMW 2.1634,3,3,Bacteria,Bacteria_none,Pseudomonadota,Gammaproteobacteria,Pseudomonadales,Pseudomonadaceae,Pseudomonas,Bacteria;Bacteria_none;Pseudomonadota;Gammaproteobacteria;Pseudomonadales;Pseudomonadaceae;Pseudomonas;Pseudomonas sp. TMW 2.1634
Candidatus Enterovibrio escacola,3,3,Bacteria,Bacteria_none,Pseudomonadota,Gammaproteobacteria,Vibrionales,Vibrionaceae,Enterovibrio,Bacteria;Bacteria_none;Pseudomonadota;Gammaproteobacteria;Vibrionales;Vibrionaceae;Enterovibrio;Candidatus Enterovibrio escacola
Plasmodium reichenowi,3,3,Eukaryota,Eukaryota_Incertae_sedis,Apicomplexa,Aconoidasida,Haemosporida,Plasmodiidae,Plasmodium,Eukaryota;Eukaryota_Incertae_sedis;Apicomplexa;Aconoidasida;Haemosporida;Plasmodiidae;Plasmodium;Plasmodium reichenowi
Camelina sativa,3,3,Eukaryota,Viridiplantae,Streptophyta,Magnoliopsida,Brassicales,Brassicaceae,Camelina,Eukaryota;Viridiplantae;Streptophyta;Magnoliopsida;Brassicales;Brassicaceae;Camelina;Camelina sativa
Trifolium pratense,3,3,Eukaryota,Viridiplantae,Streptophyta,Magnoliopsida,Fabales,Fabaceae,Trifolium,Eukaryota;Viridiplantae;Streptophyta;Magnoliopsida;Fabales;Fabaceae;Trifolium;Trifolium pratense
Quercus robur,3,3,Eukaryota,Viridiplantae,Streptophyta,Magnoliopsida,Fagales,Fagaceae,Quercus,Eukaryota;Viridiplantae;Streptophyta;Magnoliopsida;Fagales;Fagaceae;Quercus;Quercus robur
Salvia hispanica,3,3,Eukaryota,Viridiplantae,Streptophyta,Magnoliopsida,Lamiales,Lamiaceae,Salvia,Eukaryota;Viridiplantae;Streptophyta;Magnoliopsida;Lamiales;Lamiaceae;Salvia;Salvia hispanica
Salvia splendens,3,3,Eukaryota,Viridiplantae,Streptophyta,Magnoliopsida,Lamiales,Lamiaceae,Salvia,Eukaryota;Viridiplantae;Streptophyta;Magnoliopsida;Lamiales;Lamiaceae;Salvia;Salvia splendens
Sesamum indicum,3,3,Eukaryota,Viridiplantae,Streptophyta,Magnoliopsida,Lamiales,Pedaliaceae,Sesamum,Eukaryota;Viridiplantae;Streptophyta;Magnoliopsida;Lamiales;Pedaliaceae;Sesamum;Sesamum indicum
Theobroma cacao,3,3,Eukaryota,Viridiplantae,Streptophyta,Magnoliopsida,Malvales,Malvaceae,Theobroma,Eukaryota;Viridiplantae;Streptophyta;Magnoliopsida;Malvales;Malvaceae;Theobroma;Theobroma cacao
Punica granatum,3,3,Eukaryota,Viridiplantae,Streptophyta,Magnoliopsida,Myrtales,Lythraceae,Punica,Eukaryota;Viridiplantae;Streptophyta;Magnoliopsida;Myrtales;Lythraceae;Punica;Punica granatum
Eucalyptus grandis,3,3,Eukaryota,Viridiplantae,Streptophyta,Magnoliopsida,Myrtales,Myrtaceae,Eucalyptus,Eukaryota;Viridiplantae;Streptophyta;Magnoliopsida;Myrtales;Myrtaceae;Eucalyptus;Eucalyptus grandis
Ananas comosus,3,3,Eukaryota,Viridiplantae,Streptophyta,Magnoliopsida,Poales,Bromeliaceae,Ananas,Eukaryota;Viridiplantae;Streptophyta;Magnoliopsida;Poales;Bromeliaceae;Ananas;Ananas comosus
Lolium rigidum,3,3,Eukaryota,Viridiplantae,Streptophyta,Magnoliopsida,Poales,Poaceae,Lolium,Eukaryota;Viridiplantae;Streptophyta;Magnoliopsida;Poales;Poaceae;Lolium;Lolium rigidum
Setaria italica,3,3,Eukaryota,Viridiplantae,Streptophyta,Magnoliopsida,Poales,Poaceae,Setaria,Eukaryota;Viridiplantae;Streptophyta;Magnoliopsida;Poales;Poaceae;Setaria;Setaria italica
Solanum pennellii,3,3,Eukaryota,Viridiplantae,Streptophyta,Magnoliopsida,Solanales,Solanaceae,Solanum,Eukaryota;Viridiplantae;Streptophyta;Magnoliopsida;Solanales;Solanaceae;Solanum;Solanum pennellii
Wanchaivirus mEp234,3,3,Viruses,Heunggongvirae,Uroviricota,Caudoviricetes,Caudoviricetes_Incertae_sedis,Caudoviricetes_Incertae_sedis_Incertae_sedis,Wanchaivirus,Viruses;Heunggongvirae;Uroviricota;Caudoviricetes;Caudoviricetes_Incertae_sedis;Caudoviricetes_Incertae_sedis_Incertae_sedis;Wanchaivirus;Wanchaivirus mEp234
Methanobrevibacter sp. AbM4,2,2,Archaea,Archaea_none,Euryarchaeota,Methanobacteria,Methanobacteriales,Methanobacteriaceae,Methanobrevibacter,Archaea;Archaea_none;Euryarchaeota;Methanobacteria;Methanobacteriales;Methanobacteriaceae;Methanobrevibacter;Methanobrevibacter sp. AbM4
Sulfidibacter corallicola,2,2,Bacteria,Bacteria_none,Acidobacteriota,Holophagae,Acanthopleuribacterales,Acanthopleuribacteraceae,Sulfidibacter,Bacteria;Bacteria_none;Acidobacteriota;Holophagae;Acanthopleuribacterales;Acanthopleuribacteraceae;Sulfidibacter;Sulfidibacter corallicola
Gardnerella vaginalis,2,2,Bacteria,Bacteria_none,Actinomycetota,Actinomycetes,Bifidobacteriales,Bifidobacteriaceae,Gardnerella,Bacteria;Bacteria_none;Actinomycetota;Actinomycetes;Bifidobacteriales;Bifidobacteriaceae;Gardnerella;Gardnerella vaginalis
Arthrobacter antioxidans,2,2,Bacteria,Bacteria_none,Actinomycetota,Actinomycetes,Micrococcales,Micrococcaceae,Arthrobacter,Bacteria;Bacteria_none;Actinomycetota;Actinomycetes;Micrococcales;Micrococcaceae;Arthrobacter;Arthrobacter antioxidans
Nonomuraea phyllanthi,2,2,Bacteria,Bacteria_none,Actinomycetota,Actinomycetes,Streptosporangiales,Streptosporangiaceae,Nonomuraea,Bacteria;Bacteria_none;Actinomycetota;Actinomycetes;Streptosporangiales;Streptosporangiaceae;Nonomuraea;Nonomuraea phyllanthi
Bacillus mycoides,2,2,Bacteria,Bacteria_none,Bacillota,Bacilli,Bacillales,Bacillaceae,Bacillus,Bacteria;Bacteria_none;Bacillota;Bacilli;Bacillales;Bacillaceae;Bacillus;Bacillus mycoides
Bacillus subtilis,2,2,Bacteria,Bacteria_none,Bacillota,Bacilli,Bacillales,Bacillaceae,Bacillus,Bacteria;Bacteria_none;Bacillota;Bacilli;Bacillales;Bacillaceae;Bacillus;Bacillus subtilis
Paenibacillus sp. R14(2021),2,2,Bacteria,Bacteria_none,Bacillota,Bacilli,Bacillales,Paenibacillaceae,Paenibacillus,Bacteria;Bacteria_none;Bacillota;Bacilli;Bacillales;Paenibacillaceae;Paenibacillus;Paenibacillus sp. R14(2021)
Streptococcus pluranimalium,2,2,Bacteria,Bacteria_none,Bacillota,Bacilli,Lactobacillales,Streptococcaceae,Streptococcus,Bacteria;Bacteria_none;Bacillota;Bacilli;Lactobacillales;Streptococcaceae;Streptococcus;Streptococcus pluranimalium
Geosporobacter ferrireducens,2,2,Bacteria,Bacteria_none,Bacillota,Clostridia,Eubacteriales,Clostridiaceae,Geosporobacter,Bacteria;Bacteria_none;Bacillota;Clostridia;Eubacteriales;Clostridiaceae;Geosporobacter;Geosporobacter ferrireducens
Dysosmobacter welbionis,2,2,Bacteria,Bacteria_none,Bacillota,Clostridia,Eubacteriales,Oscillospiraceae,Dysosmobacter,Bacteria;Bacteria_none;Bacillota;Clostridia;Eubacteriales;Oscillospiraceae;Dysosmobacter;Dysosmobacter welbionis
Cyclobacterium marinum,2,2,Bacteria,Bacteria_none,Bacteroidota,Cytophagia,Cytophagales,Cyclobacteriaceae,Cyclobacterium,Bacteria;Bacteria_none;Bacteroidota;Cytophagia;Cytophagales;Cyclobacteriaceae;Cyclobacterium;Cyclobacterium marinum
Hymenobacter sp. 5116S-27,2,2,Bacteria,Bacteria_none,Bacteroidota,Cytophagia,Cytophagales,Hymenobacteraceae,Hymenobacter,Bacteria;Bacteria_none;Bacteroidota;Cytophagia;Cytophagales;Hymenobacteraceae;Hymenobacter;Hymenobacter sp. 5116S-27
Chryseobacterium suipulveris,2,2,Bacteria,Bacteria_none,Bacteroidota,Flavobacteriia,Flavobacteriales,Weeksellaceae,Chryseobacterium,Bacteria;Bacteria_none;Bacteroidota;Flavobacteriia;Flavobacteriales;Weeksellaceae;Chryseobacterium;Chryseobacterium suipulveris
Prosthecochloris sp. GSB1,2,2,Bacteria,Bacteria_none,Chlorobiota,Chlorobiia,Chlorobiales,Chlorobiaceae,Prosthecochloris,Bacteria;Bacteria_none;Chlorobiota;Chlorobiia;Chlorobiales;Chlorobiaceae;Prosthecochloris;Prosthecochloris sp. GSB1
Nostoc sphaeroides,2,2,Bacteria,Bacteria_none,Cyanobacteriota,Cyanophyceae,Nostocales,Nostocaceae,Nostoc,Bacteria;Bacteria_none;Cyanobacteriota;Cyanophyceae;Nostocales;Nostocaceae;Nostoc;Nostoc sphaeroides
Mycoplasmoides gallisepticum,2,2,Bacteria,Bacteria_none,Mycoplasmatota,Mycoplasmatota_Incertae_sedis,Mycoplasmoidales,Metamycoplasmataceae,Mycoplasmoides,Bacteria;Bacteria_none;Mycoplasmatota;Mycoplasmatota_Incertae_sedis;Mycoplasmoidales;Metamycoplasmataceae;Mycoplasmoides;Mycoplasmoides gallisepticum
Bartonella sp. HY761,2,2,Bacteria,Bacteria_none,Pseudomonadota,Alphaproteobacteria,Hyphomicrobiales,Bartonellaceae,Bartonella,Bacteria;Bacteria_none;Pseudomonadota;Alphaproteobacteria;Hyphomicrobiales;Bartonellaceae;Bartonella;Bartonella sp. HY761
Terasakiella sp. SH-1,2,2,Bacteria,Bacteria_none,Pseudomonadota,Alphaproteobacteria,Rhodospirillales,Terasakiellaceae,Terasakiella,Bacteria;Bacteria_none;Pseudomonadota;Alphaproteobacteria;Rhodospirillales;Terasakiellaceae;Terasakiella;Terasakiella sp. SH-1
Sphingomonas alpina,2,2,Bacteria,Bacteria_none,Pseudomonadota,Alphaproteobacteria,Sphingomonadales,Sphingomonadaceae,Sphingomonas,Bacteria;Bacteria_none;Pseudomonadota;Alphaproteobacteria;Sphingomonadales;Sphingomonadaceae;Sphingomonas;Sphingomonas alpina
Massilia sp. erpn,2,2,Bacteria,Bacteria_none,Pseudomonadota,Betaproteobacteria,Burkholderiales,Oxalobacteraceae,Massilia,Bacteria;Bacteria_none;Pseudomonadota;Betaproteobacteria;Burkholderiales;Oxalobacteraceae;Massilia;Massilia sp. erpn
Paradesulfovibrio bizertensis,2,2,Bacteria,Bacteria_none,Pseudomonadota,Deltaproteobacteria,Desulfovibrionales,Desulfovibrionaceae,Paradesulfovibrio (ex Waite et al. 2020),Bacteria;Bacteria_none;Pseudomonadota;Deltaproteobacteria;Desulfovibrionales;Desulfovibrionaceae;Paradesulfovibrio (ex Waite et al. 2020);Paradesulfovibrio bizertensis
Saccharobesus litoralis,2,2,Bacteria,Bacteria_none,Pseudomonadota,Gammaproteobacteria,Alteromonadales,Alteromonadaceae,Saccharobesus,Bacteria;Bacteria_none;Pseudomonadota;Gammaproteobacteria;Alteromonadales;Alteromonadaceae;Saccharobesus;Saccharobesus litoralis
Candidatus Profftia tarda,2,2,Bacteria,Bacteria_none,Pseudomonadota,Gammaproteobacteria,Enterobacterales,Enterobacteriaceae,Candidatus Profftia,Bacteria;Bacteria_none;Pseudomonadota;Gammaproteobacteria;Enterobacterales;Enterobacteriaceae;Candidatus Profftia;Candidatus Profftia tarda
Erwinia rhapontici,2,2,Bacteria,Bacteria_none,Pseudomonadota,Gammaproteobacteria,Enterobacterales,Erwiniaceae,Erwinia,Bacteria;Bacteria_none;Pseudomonadota;Gammaproteobacteria;Enterobacterales;Erwiniaceae;Erwinia;Erwinia rhapontici
Yersinia alsatica,2,2,Bacteria,Bacteria_none,Pseudomonadota,Gammaproteobacteria,Enterobacterales,Yersiniaceae,Yersinia,Bacteria;Bacteria_none;Pseudomonadota;Gammaproteobacteria;Enterobacterales;Yersiniaceae;Yersinia;Yersinia alsatica
Pseudomonas allokribbensis,2,2,Bacteria,Bacteria_none,Pseudomonadota,Gammaproteobacteria,Pseudomonadales,Pseudomonadaceae,Pseudomonas,Bacteria;Bacteria_none;Pseudomonadota;Gammaproteobacteria;Pseudomonadales;Pseudomonadaceae;Pseudomonas;Pseudomonas allokribbensis
Brachyspira hampsonii,2,2,Bacteria,Bacteria_none,Spirochaetota,Spirochaetia,Brachyspirales,Brachyspiraceae,Brachyspira,Bacteria;Bacteria_none;Spirochaetota;Spirochaetia;Brachyspirales;Brachyspiraceae;Brachyspira;Brachyspira hampsonii
Trichomonas vaginalis,2,2,Eukaryota,Eukaryota_Incertae_sedis,Parabasalia,Parabasalia_Incertae_sedis,Trichomonadida,Trichomonadidae,Trichomonas,Eukaryota;Eukaryota_Incertae_sedis;Parabasalia;Parabasalia_Incertae_sedis;Trichomonadida;Trichomonadidae;Trichomonas;Trichomonas vaginalis
Naumovozyma dairenensis,2,2,Eukaryota,Fungi,Ascomycota,Saccharomycetes,Saccharomycetales,Saccharomycetaceae,Naumovozyma,Eukaryota;Fungi;Ascomycota;Saccharomycetes;Saccharomycetales;Saccharomycetaceae;Naumovozyma;Naumovozyma dairenensis
Dioscorea cayenensis,2,2,Eukaryota,Viridiplantae,Streptophyta,Magnoliopsida,Dioscoreales,Dioscoreaceae,Dioscorea,Eukaryota;Viridiplantae;Streptophyta;Magnoliopsida;Dioscoreales;Dioscoreaceae;Dioscorea;Dioscorea cayenensis
Carya illinoinensis,2,2,Eukaryota,Viridiplantae,Streptophyta,Magnoliopsida,Fagales,Juglandaceae,Carya,Eukaryota;Viridiplantae;Streptophyta;Magnoliopsida;Fagales;Juglandaceae;Carya;Carya illinoinensis
Rhodamnia argentea,2,2,Eukaryota,Viridiplantae,Streptophyta,Magnoliopsida,Myrtales,Myrtaceae,Rhodamnia,Eukaryota;Viridiplantae;Streptophyta;Magnoliopsida;Myrtales;Myrtaceae;Rhodamnia;Rhodamnia argentea
Brachypodium distachyon,2,2,Eukaryota,Viridiplantae,Streptophyta,Magnoliopsida,Poales,Poaceae,Brachypodium,Eukaryota;Viridiplantae;Streptophyta;Magnoliopsida;Poales;Poaceae;Brachypodium;Brachypodium distachyon
Fragaria vesca,2,2,Eukaryota,Viridiplantae,Streptophyta,Magnoliopsida,Rosales,Rosaceae,Fragaria,Eukaryota;Viridiplantae;Streptophyta;Magnoliopsida;Rosales;Rosaceae;Fragaria;Fragaria vesca
Prunus mume,2,2,Eukaryota,Viridiplantae,Streptophyta,Magnoliopsida,Rosales,Rosaceae,Prunus,Eukaryota;Viridiplantae;Streptophyta;Magnoliopsida;Rosales;Rosaceae;Prunus;Prunus mume
Citrus sinensis,2,2,Eukaryota,Viridiplantae,Streptophyta,Magnoliopsida,Sapindales,Rutaceae,Citrus,Eukaryota;Viridiplantae;Streptophyta;Magnoliopsida;Sapindales;Rutaceae;Citrus;Citrus sinensis
Caminolopintovirus STGO351,2,2,Viruses,Heunggongvirae,Uroviricota,Caudoviricetes,Caudoviricetes_Incertae_sedis,Caudoviricetes_Incertae_sedis_Incertae_sedis,Caminolopintovirus,Viruses;Heunggongvirae;Uroviricota;Caudoviricetes;Caudoviricetes_Incertae_sedis;Caudoviricetes_Incertae_sedis_Incertae_sedis;Caminolopintovirus;Caminolopintovirus STGO351
Halovenus salina,1,1,Archaea,Archaea_none,Euryarchaeota,Halobacteria,Halobacteriales,Halobacteriaceae,Halovenus,Archaea;Archaea_none;Euryarchaeota;Halobacteria;Halobacteriales;Halobacteriaceae;Halovenus;Halovenus salina
Methanocaldococcus bathoardescens,1,1,Archaea,Archaea_none,Euryarchaeota,Methanococci,Methanococcales,Methanocaldococcaceae,Methanocaldococcus,Archaea;Archaea_none;Euryarchaeota;Methanococci;Methanococcales;Methanocaldococcaceae;Methanocaldococcus;Methanocaldococcus bathoardescens
Streptomyces atratus,1,1,Bacteria,Bacteria_none,Actinomycetota,Actinomycetes,Kitasatosporales,Streptomycetaceae,Streptomyces,Bacteria;Bacteria_none;Actinomycetota;Actinomycetes;Kitasatosporales;Streptomycetaceae;Streptomyces;Streptomyces atratus
Streptomyces coeruleorubidus,1,1,Bacteria,Bacteria_none,Actinomycetota,Actinomycetes,Kitasatosporales,Streptomycetaceae,Streptomyces,Bacteria;Bacteria_none;Actinomycetota;Actinomycetes;Kitasatosporales;Streptomycetaceae;Streptomyces;Streptomyces coeruleorubidus
Streptomyces noursei,1,1,Bacteria,Bacteria_none,Actinomycetota,Actinomycetes,Kitasatosporales,Streptomycetaceae,Streptomyces,Bacteria;Bacteria_none;Actinomycetota;Actinomycetes;Kitasatosporales;Streptomycetaceae;Streptomyces;Streptomyces noursei
Streptomyces sp. 891-h,1,1,Bacteria,Bacteria_none,Actinomycetota,Actinomycetes,Kitasatosporales,Streptomycetaceae,Streptomyces,Bacteria;Bacteria_none;Actinomycetota;Actinomycetes;Kitasatosporales;Streptomycetaceae;Streptomyces;Streptomyces sp. 891-h
Streptomyces sp. MST-110588,1,1,Bacteria,Bacteria_none,Actinomycetota,Actinomycetes,Kitasatosporales,Streptomycetaceae,Streptomyces,Bacteria;Bacteria_none;Actinomycetota;Actinomycetes;Kitasatosporales;Streptomycetaceae;Streptomyces;Streptomyces sp. MST-110588
Streptomyces sp. QHH-9511,1,1,Bacteria,Bacteria_none,Actinomycetota,Actinomycetes,Kitasatosporales,Streptomycetaceae,Streptomyces,Bacteria;Bacteria_none;Actinomycetota;Actinomycetes;Kitasatosporales;Streptomycetaceae;Streptomyces;Streptomyces sp. QHH-9511
Streptomyces spongiicola,1,1,Bacteria,Bacteria_none,Actinomycetota,Actinomycetes,Kitasatosporales,Streptomycetaceae,Streptomyces,Bacteria;Bacteria_none;Actinomycetota;Actinomycetes;Kitasatosporales;Streptomycetaceae;Streptomyces;Streptomyces spongiicola
Brevibacterium linens,1,1,Bacteria,Bacteria_none,Actinomycetota,Actinomycetes,Micrococcales,Brevibacteriaceae,Brevibacterium,Bacteria;Bacteria_none;Actinomycetota;Actinomycetes;Micrococcales;Brevibacteriaceae;Brevibacterium;Brevibacterium linens
Aurantimicrobium photophilum,1,1,Bacteria,Bacteria_none,Actinomycetota,Actinomycetes,Micrococcales,Microbacteriaceae,Aurantimicrobium,Bacteria;Bacteria_none;Actinomycetota;Actinomycetes;Micrococcales;Microbacteriaceae;Aurantimicrobium;Aurantimicrobium photophilum
Curtobacterium sp. 24E2,1,1,Bacteria,Bacteria_none,Actinomycetota,Actinomycetes,Micrococcales,Microbacteriaceae,Curtobacterium,Bacteria;Bacteria_none;Actinomycetota;Actinomycetes;Micrococcales;Microbacteriaceae;Curtobacterium;Curtobacterium sp. 24E2
Plantibacter sp. PA-3-X8,1,1,Bacteria,Bacteria_none,Actinomycetota,Actinomycetes,Micrococcales,Microbacteriaceae,Plantibacter,Bacteria;Bacteria_none;Actinomycetota;Actinomycetes;Micrococcales;Microbacteriaceae;Plantibacter;Plantibacter sp. PA-3-X8
Auritidibacter sp. NML130574,1,1,Bacteria,Bacteria_none,Actinomycetota,Actinomycetes,Micrococcales,Micrococcaceae,Auritidibacter,Bacteria;Bacteria_none;Actinomycetota;Actinomycetes;Micrococcales;Micrococcaceae;Auritidibacter;Auritidibacter sp. NML130574
Kocuria flava,1,1,Bacteria,Bacteria_none,Actinomycetota,Actinomycetes,Micrococcales,Micrococcaceae,Kocuria,Bacteria;Bacteria_none;Actinomycetota;Actinomycetes;Micrococcales;Micrococcaceae;Kocuria;Kocuria flava
Tropheryma whipplei,1,1,Bacteria,Bacteria_none,Actinomycetota,Actinomycetes,Micrococcales,Tropherymataceae,Tropheryma,Bacteria;Bacteria_none;Actinomycetota;Actinomycetes;Micrococcales;Tropherymataceae;Tropheryma;Tropheryma whipplei
Micromonospora sp. WMMA2032,1,1,Bacteria,Bacteria_none,Actinomycetota,Actinomycetes,Micromonosporales,Micromonosporaceae,Micromonospora,Bacteria;Bacteria_none;Actinomycetota;Actinomycetes;Micromonosporales;Micromonosporaceae;Micromonospora;Micromonospora sp. WMMA2032
Corynebacterium zhongnanshanii,1,1,Bacteria,Bacteria_none,Actinomycetota,Actinomycetes,Mycobacteriales,Corynebacteriaceae,Corynebacterium,Bacteria;Bacteria_none;Actinomycetota;Actinomycetes;Mycobacteriales;Corynebacteriaceae;Corynebacterium;Corynebacterium zhongnanshanii
Mycobacterium kubicae,1,1,Bacteria,Bacteria_none,Actinomycetota,Actinomycetes,Mycobacteriales,Mycobacteriaceae,Mycobacterium,Bacteria;Bacteria_none;Actinomycetota;Actinomycetes;Mycobacteriales;Mycobacteriaceae;Mycobacterium;Mycobacterium kubicae
Mycobacterium simiae,1,1,Bacteria,Bacteria_none,Actinomycetota,Actinomycetes,Mycobacteriales,Mycobacteriaceae,Mycobacterium,Bacteria;Bacteria_none;Actinomycetota;Actinomycetes;Mycobacteriales;Mycobacteriaceae;Mycobacterium;Mycobacterium simiae
Mycolicibacterium helvum,1,1,Bacteria,Bacteria_none,Actinomycetota,Actinomycetes,Mycobacteriales,Mycobacteriaceae,Mycolicibacterium,Bacteria;Bacteria_none;Actinomycetota;Actinomycetes;Mycobacteriales;Mycobacteriaceae;Mycolicibacterium;Mycolicibacterium helvum
Pseudonocardia sp. EC080610-09,1,1,Bacteria,Bacteria_none,Actinomycetota,Actinomycetes,Pseudonocardiales,Pseudonocardiaceae,Pseudonocardia,Bacteria;Bacteria_none;Actinomycetota;Actinomycetes;Pseudonocardiales;Pseudonocardiaceae;Pseudonocardia;Pseudonocardia sp. EC080610-09
Saccharopolyspora sp. ASAGF58,1,1,Bacteria,Bacteria_none,Actinomycetota,Actinomycetes,Pseudonocardiales,Pseudonocardiaceae,Saccharopolyspora,Bacteria;Bacteria_none;Actinomycetota;Actinomycetes;Pseudonocardiales;Pseudonocardiaceae;Saccharopolyspora;Saccharopolyspora sp. ASAGF58
Actinomadura sp. WMMB 499,1,1,Bacteria,Bacteria_none,Actinomycetota,Actinomycetes,Streptosporangiales,Thermomonosporaceae,Actinomadura,Bacteria;Bacteria_none;Actinomycetota;Actinomycetes;Streptosporangiales;Thermomonosporaceae;Actinomadura;Actinomadura sp. WMMB 499
Conexibacter sp. S30A1,1,1,Bacteria,Bacteria_none,Actinomycetota,Thermoleophilia,Solirubrobacterales,Conexibacteraceae,Conexibacter,Bacteria;Bacteria_none;Actinomycetota;Thermoleophilia;Solirubrobacterales;Conexibacteraceae;Conexibacter;Conexibacter sp. S30A1
Hydrogenobacter thermophilus,1,1,Bacteria,Bacteria_none,Aquificota,Aquificae,Aquificales,Aquificaceae,Hydrogenobacter,Bacteria;Bacteria_none;Aquificota;Aquificae;Aquificales;Aquificaceae;Hydrogenobacter;Hydrogenobacter thermophilus
Cytobacillus oceanisediminis,1,1,Bacteria,Bacteria_none,Bacillota,Bacilli,Bacillales,Bacillaceae,Cytobacillus,Bacteria;Bacteria_none;Bacillota;Bacilli;Bacillales;Bacillaceae;Cytobacillus;Cytobacillus oceanisediminis
Metabacillus sediminilitoris,1,1,Bacteria,Bacteria_none,Bacillota,Bacilli,Bacillales,Bacillaceae,Metabacillus,Bacteria;Bacteria_none;Bacillota;Bacilli;Bacillales;Bacillaceae;Metabacillus;Metabacillus sediminilitoris
Priestia flexa,1,1,Bacteria,Bacteria_none,Bacillota,Bacilli,Bacillales,Bacillaceae,Priestia,Bacteria;Bacteria_none;Bacillota;Bacilli;Bacillales;Bacillaceae;Priestia;Priestia flexa
Gemella haemolysans,1,1,Bacteria,Bacteria_none,Bacillota,Bacilli,Bacillales,Bacillales_Incertae_sedis,Gemella,Bacteria;Bacteria_none;Bacillota;Bacilli;Bacillales;Bacillales_Incertae_sedis;Gemella;Gemella haemolysans
Gemella sanguinis,1,1,Bacteria,Bacteria_none,Bacillota,Bacilli,Bacillales,Bacillales_Incertae_sedis,Gemella,Bacteria;Bacteria_none;Bacillota;Bacilli;Bacillales;Bacillales_Incertae_sedis;Gemella;Gemella sanguinis
Listeria marthii,1,1,Bacteria,Bacteria_none,Bacillota,Bacilli,Bacillales,Listeriaceae,Listeria,Bacteria;Bacteria_none;Bacillota;Bacilli;Bacillales;Listeriaceae;Listeria;Listeria marthii
Paenibacillus lutimineralis,1,1,Bacteria,Bacteria_none,Bacillota,Bacilli,Bacillales,Paenibacillaceae,Paenibacillus,Bacteria;Bacteria_none;Bacillota;Bacilli;Bacillales;Paenibacillaceae;Paenibacillus;Paenibacillus lutimineralis
Paenibacillus marchantiae,1,1,Bacteria,Bacteria_none,Bacillota,Bacilli,Bacillales,Paenibacillaceae,Paenibacillus,Bacteria;Bacteria_none;Bacillota;Bacilli;Bacillales;Paenibacillaceae;Paenibacillus;Paenibacillus marchantiae
Paenibacillus sp. FSL R5-0912,1,1,Bacteria,Bacteria_none,Bacillota,Bacilli,Bacillales,Paenibacillaceae,Paenibacillus,Bacteria;Bacteria_none;Bacillota;Bacilli;Bacillales;Paenibacillaceae;Paenibacillus;Paenibacillus sp. FSL R5-0912
Paenibacillus sp. JZ16,1,1,Bacteria,Bacteria_none,Bacillota,Bacilli,Bacillales,Paenibacillaceae,Paenibacillus,Bacteria;Bacteria_none;Bacillota;Bacilli;Bacillales;Paenibacillaceae;Paenibacillus;Paenibacillus sp. JZ16
Staphylococcus aureus,1,1,Bacteria,Bacteria_none,Bacillota,Bacilli,Bacillales,Staphylococcaceae,Staphylococcus,Bacteria;Bacteria_none;Bacillota;Bacilli;Bacillales;Staphylococcaceae;Staphylococcus;Staphylococcus aureus
Staphylococcus lugdunensis,1,1,Bacteria,Bacteria_none,Bacillota,Bacilli,Bacillales,Staphylococcaceae,Staphylococcus,Bacteria;Bacteria_none;Bacillota;Bacilli;Bacillales;Staphylococcaceae;Staphylococcus;Staphylococcus lugdunensis
Jeotgalibaca dankookensis,1,1,Bacteria,Bacteria_none,Bacillota,Bacilli,Lactobacillales,Carnobacteriaceae,Jeotgalibaca,Bacteria;Bacteria_none;Bacillota;Bacilli;Lactobacillales;Carnobacteriaceae;Jeotgalibaca;Jeotgalibaca dankookensis
Tetragenococcus koreensis,1,1,Bacteria,Bacteria_none,Bacillota,Bacilli,Lactobacillales,Enterococcaceae,Tetragenococcus,Bacteria;Bacteria_none;Bacillota;Bacilli;Lactobacillales;Enterococcaceae;Tetragenococcus;Tetragenococcus koreensis
Lactobacillus kefiranofaciens,1,1,Bacteria,Bacteria_none,Bacillota,Bacilli,Lactobacillales,Lactobacillaceae,Lactobacillus,Bacteria;Bacteria_none;Bacillota;Bacilli;Lactobacillales;Lactobacillaceae;Lactobacillus;Lactobacillus kefiranofaciens
Schleiferilactobacillus harbinensis,1,1,Bacteria,Bacteria_none,Bacillota,Bacilli,Lactobacillales,Lactobacillaceae,Schleiferilactobacillus,Bacteria;Bacteria_none;Bacillota;Bacilli;Lactobacillales;Lactobacillaceae;Schleiferilactobacillus;Schleiferilactobacillus harbinensis
Candidatus Arthromitus sp. SFB-rat-Yit,1,1,Bacteria,Bacteria_none,Bacillota,Clostridia,Eubacteriales,Clostridiaceae,Candidatus Arthromitus,Bacteria;Bacteria_none;Bacillota;Clostridia;Eubacteriales;Clostridiaceae;Candidatus Arthromitus;Candidatus Arthromitus sp. SFB-rat-Yit
Clostridium baratii,1,1,Bacteria,Bacteria_none,Bacillota,Clostridia,Eubacteriales,Clostridiaceae,Clostridium,Bacteria;Bacteria_none;Bacillota;Clostridia;Eubacteriales;Clostridiaceae;Clostridium;Clostridium baratii
Clostridium beijerinckii,1,1,Bacteria,Bacteria_none,Bacillota,Clostridia,Eubacteriales,Clostridiaceae,Clostridium,Bacteria;Bacteria_none;Bacillota;Clostridia;Eubacteriales;Clostridiaceae;Clostridium;Clostridium beijerinckii
Clostridium butyricum,1,1,Bacteria,Bacteria_none,Bacillota,Clostridia,Eubacteriales,Clostridiaceae,Clostridium,Bacteria;Bacteria_none;Bacillota;Clostridia;Eubacteriales;Clostridiaceae;Clostridium;Clostridium butyricum
Clostridium manihotivorum,1,1,Bacteria,Bacteria_none,Bacillota,Clostridia,Eubacteriales,Clostridiaceae,Clostridium,Bacteria;Bacteria_none;Bacillota;Clostridia;Eubacteriales;Clostridiaceae;Clostridium;Clostridium manihotivorum
Clostridium sporogenes,1,1,Bacteria,Bacteria_none,Bacillota,Clostridia,Eubacteriales,Clostridiaceae,Clostridium,Bacteria;Bacteria_none;Bacillota;Clostridia;Eubacteriales;Clostridiaceae;Clostridium;Clostridium sporogenes
Crassaminicella sp. 143-21,1,1,Bacteria,Bacteria_none,Bacillota,Clostridia,Eubacteriales,Clostridiaceae,Crassaminicella,Bacteria;Bacteria_none;Bacillota;Clostridia;Eubacteriales;Clostridiaceae;Crassaminicella;Crassaminicella sp. 143-21
Enterocloster bolteae,1,1,Bacteria,Bacteria_none,Bacillota,Clostridia,Eubacteriales,Lachnospiraceae,Enterocloster,Bacteria;Bacteria_none;Bacillota;Clostridia;Eubacteriales;Lachnospiraceae;Enterocloster;Enterocloster bolteae
Faecalibacterium prausnitzii,1,1,Bacteria,Bacteria_none,Bacillota,Clostridia,Eubacteriales,Oscillospiraceae,Faecalibacterium,Bacteria;Bacteria_none;Bacillota;Clostridia;Eubacteriales;Oscillospiraceae;Faecalibacterium;Faecalibacterium prausnitzii
Paeniclostridium sordellii,1,1,Bacteria,Bacteria_none,Bacillota,Clostridia,Eubacteriales,Peptostreptococcaceae,Paeniclostridium,Bacteria;Bacteria_none;Bacillota;Clostridia;Eubacteriales;Peptostreptococcaceae;Paeniclostridium;Paeniclostridium sordellii
Romboutsia hominis,1,1,Bacteria,Bacteria_none,Bacillota,Clostridia,Eubacteriales,Peptostreptococcaceae,Romboutsia,Bacteria;Bacteria_none;Bacillota;Clostridia;Eubacteriales;Peptostreptococcaceae;Romboutsia;Romboutsia hominis
Halobacteroides halobius,1,1,Bacteria,Bacteria_none,Bacillota,Clostridia,Halanaerobiales,Halobacteroidaceae,Halobacteroides,Bacteria;Bacteria_none;Bacillota;Clostridia;Halanaerobiales;Halobacteroidaceae;Halobacteroides;Halobacteroides halobius
Gottschalkia acidurici,1,1,Bacteria,Bacteria_none,Bacillota,Tissierellia,Tissierellales,Gottschalkiaceae,Gottschalkia,Bacteria;Bacteria_none;Bacillota;Tissierellia;Tissierellales;Gottschalkiaceae;Gottschalkia;Gottschalkia acidurici
Peptoniphilus ivorii,1,1,Bacteria,Bacteria_none,Bacillota,Tissierellia,Tissierellales,Peptoniphilaceae,Peptoniphilus,Bacteria;Bacteria_none;Bacillota;Tissierellia;Tissierellales;Peptoniphilaceae;Peptoniphilus;Peptoniphilus ivorii
Ezakiella coagulans,1,1,Bacteria,Bacteria_none,Bacillota,Tissierellia,Tissierellia_Incertae_sedis,Tissierellia_Incertae_sedis_Incertae_sedis,Ezakiella,Bacteria;Bacteria_none;Bacillota;Tissierellia;Tissierellia_Incertae_sedis;Tissierellia_Incertae_sedis_Incertae_sedis;Ezakiella;Ezakiella coagulans
Bacteroides faecis,1,1,Bacteria,Bacteria_none,Bacteroidota,Bacteroidia,Bacteroidales,Bacteroidaceae,Bacteroides,Bacteria;Bacteria_none;Bacteroidota;Bacteroidia;Bacteroidales;Bacteroidaceae;Bacteroides;Bacteroides faecis
Bacteroides fragilis,1,1,Bacteria,Bacteria_none,Bacteroidota,Bacteroidia,Bacteroidales,Bacteroidaceae,Bacteroides,Bacteria;Bacteria_none;Bacteroidota;Bacteroidia;Bacteroidales;Bacteroidaceae;Bacteroides;Bacteroides fragilis
Porphyromonas asaccharolytica,1,1,Bacteria,Bacteria_none,Bacteroidota,Bacteroidia,Bacteroidales,Porphyromonadaceae,Porphyromonas,Bacteria;Bacteria_none;Bacteroidota;Bacteroidia;Bacteroidales;Porphyromonadaceae;Porphyromonas;Porphyromonas asaccharolytica
Alistipes finegoldii,1,1,Bacteria,Bacteria_none,Bacteroidota,Bacteroidia,Bacteroidales,Rikenellaceae,Alistipes,Bacteria;Bacteria_none;Bacteroidota;Bacteroidia;Bacteroidales;Rikenellaceae;Alistipes;Alistipes finegoldii
Chitinophaga sp. R8,1,1,Bacteria,Bacteria_none,Bacteroidota,Chitinophagia,Chitinophagales,Chitinophagaceae,Chitinophaga,Bacteria;Bacteria_none;Bacteroidota;Chitinophagia;Chitinophagales;Chitinophagaceae;Chitinophaga;Chitinophaga sp. R8
Runella sp. SP2,1,1,Bacteria,Bacteria_none,Bacteroidota,Cytophagia,Cytophagales,Spirosomaceae,Runella,Bacteria;Bacteria_none;Bacteroidota;Cytophagia;Cytophagales;Spirosomaceae;Runella;Runella sp. SP2
Flavobacterium arcticum,1,1,Bacteria,Bacteria_none,Bacteroidota,Flavobacteriia,Flavobacteriales,Flavobacteriaceae,Flavobacterium,Bacteria;Bacteria_none;Bacteroidota;Flavobacteriia;Flavobacteriales;Flavobacteriaceae;Flavobacterium;Flavobacterium arcticum
Flavobacterium sp. F-70,1,1,Bacteria,Bacteria_none,Bacteroidota,Flavobacteriia,Flavobacteriales,Flavobacteriaceae,Flavobacterium,Bacteria;Bacteria_none;Bacteroidota;Flavobacteriia;Flavobacteriales;Flavobacteriaceae;Flavobacterium;Flavobacterium sp. F-70
Imtechella halotolerans,1,1,Bacteria,Bacteria_none,Bacteroidota,Flavobacteriia,Flavobacteriales,Flavobacteriaceae,Imtechella,Bacteria;Bacteria_none;Bacteroidota;Flavobacteriia;Flavobacteriales;Flavobacteriaceae;Imtechella;Imtechella halotolerans
Mesoflavibacter sp. SCSIO 43206,1,1,Bacteria,Bacteria_none,Bacteroidota,Flavobacteriia,Flavobacteriales,Flavobacteriaceae,Mesoflavibacter,Bacteria;Bacteria_none;Bacteroidota;Flavobacteriia;Flavobacteriales;Flavobacteriaceae;Mesoflavibacter;Mesoflavibacter sp. SCSIO 43206
Muricauda sp. SCSIO 64092,1,1,Bacteria,Bacteria_none,Bacteroidota,Flavobacteriia,Flavobacteriales,Flavobacteriaceae,Muricauda,Bacteria;Bacteria_none;Bacteroidota;Flavobacteriia;Flavobacteriales;Flavobacteriaceae;Muricauda;Muricauda sp. SCSIO 64092
Tenacibaculum dicentrarchi,1,1,Bacteria,Bacteria_none,Bacteroidota,Flavobacteriia,Flavobacteriales,Flavobacteriaceae,Tenacibaculum,Bacteria;Bacteria_none;Bacteroidota;Flavobacteriia;Flavobacteriales;Flavobacteriaceae;Tenacibaculum;Tenacibaculum dicentrarchi
Chryseobacterium sp. G0201,1,1,Bacteria,Bacteria_none,Bacteroidota,Flavobacteriia,Flavobacteriales,Weeksellaceae,Chryseobacterium,Bacteria;Bacteria_none;Bacteroidota;Flavobacteriia;Flavobacteriales;Weeksellaceae;Chryseobacterium;Chryseobacterium sp. G0201
Mucilaginibacter sp. 14171R-50,1,1,Bacteria,Bacteria_none,Bacteroidota,Sphingobacteriia,Sphingobacteriales,Sphingobacteriaceae,Mucilaginibacter,Bacteria;Bacteria_none;Bacteroidota;Sphingobacteriia;Sphingobacteriales;Sphingobacteriaceae;Mucilaginibacter;Mucilaginibacter sp. 14171R-50
Pedobacter sp. D749,1,1,Bacteria,Bacteria_none,Bacteroidota,Sphingobacteriia,Sphingobacteriales,Sphingobacteriaceae,Pedobacter,Bacteria;Bacteria_none;Bacteroidota;Sphingobacteriia;Sphingobacteriales;Sphingobacteriaceae;Pedobacter;Pedobacter sp. D749
Sphingobacterium spiritivorum,1,1,Bacteria,Bacteria_none,Bacteroidota,Sphingobacteriia,Sphingobacteriales,Sphingobacteriaceae,Sphingobacterium,Bacteria;Bacteria_none;Bacteroidota;Sphingobacteriia;Sphingobacteriales;Sphingobacteriaceae;Sphingobacterium;Sphingobacterium spiritivorum
Cyclonatronum proteinivorum,1,1,Bacteria,Bacteria_none,Balneolota,Balneolia,Balneolales,Cyclonatronaceae,Cyclonatronum,Bacteria;Bacteria_none;Balneolota;Balneolia;Balneolales;Cyclonatronaceae;Cyclonatronum;Cyclonatronum proteinivorum
Candidatus Rhabdochlamydia porcellionis,1,1,Bacteria,Bacteria_none,Chlamydiota,Chlamydiia,Parachlamydiales,Rhabdochlamydiaceae,Candidatus Rhabdochlamydia,Bacteria;Bacteria_none;Chlamydiota;Chlamydiia;Parachlamydiales;Rhabdochlamydiaceae;Candidatus Rhabdochlamydia;Candidatus Rhabdochlamydia porcellionis
Gloeomargarita lithophora,1,1,Bacteria,Bacteria_none,Cyanobacteriota,Cyanophyceae,Gloeomargaritales,Gloeomargaritaceae,Gloeomargarita,Bacteria;Bacteria_none;Cyanobacteriota;Cyanophyceae;Gloeomargaritales;Gloeomargaritaceae;Gloeomargarita;Gloeomargarita lithophora
Calothrix sp. NIES-2098,1,1,Bacteria,Bacteria_none,Cyanobacteriota,Cyanophyceae,Nostocales,Calotrichaceae,Calothrix,Bacteria;Bacteria_none;Cyanobacteriota;Cyanophyceae;Nostocales;Calotrichaceae;Calothrix;Calothrix sp. NIES-2098
Tolypothrix sp. PCC 7910,1,1,Bacteria,Bacteria_none,Cyanobacteriota,Cyanophyceae,Nostocales,Tolypothrichaceae,Tolypothrix,Bacteria;Bacteria_none;Cyanobacteriota;Cyanophyceae;Nostocales;Tolypothrichaceae;Tolypothrix;Tolypothrix sp. PCC 7910
Pseudanabaena sp. PCC 7367,1,1,Bacteria,Bacteria_none,Cyanobacteriota,Cyanophyceae,Pseudanabaenales,Pseudanabaenaceae,Pseudanabaena,Bacteria;Bacteria_none;Cyanobacteriota;Cyanophyceae;Pseudanabaenales;Pseudanabaenaceae;Pseudanabaena;Pseudanabaena sp. PCC 7367
Thermus sp. PS18,1,1,Bacteria,Bacteria_none,Deinococcota,Deinococci,Thermales,Thermaceae,Thermus,Bacteria;Bacteria_none;Deinococcota;Deinococci;Thermales;Thermaceae;Thermus;Thermus sp. PS18
Spiroplasma alleghenense,1,1,Bacteria,Bacteria_none,Mycoplasmatota,Mollicutes,Entomoplasmatales,Spiroplasmataceae,Spiroplasma,Bacteria;Bacteria_none;Mycoplasmatota;Mollicutes;Entomoplasmatales;Spiroplasmataceae;Spiroplasma;Spiroplasma alleghenense
Mycoplasma miroungigenitalium,1,1,Bacteria,Bacteria_none,Mycoplasmatota,Mollicutes,Mycoplasmatales,Mycoplasmataceae,Mycoplasma,Bacteria;Bacteria_none;Mycoplasmatota;Mollicutes;Mycoplasmatales;Mycoplasmataceae;Mycoplasma;Mycoplasma miroungigenitalium
Mycoplasma putrefaciens,1,1,Bacteria,Bacteria_none,Mycoplasmatota,Mollicutes,Mycoplasmatales,Mycoplasmataceae,Mycoplasma,Bacteria;Bacteria_none;Mycoplasmatota;Mollicutes;Mycoplasmatales;Mycoplasmataceae;Mycoplasma;Mycoplasma putrefaciens
Mycoplasma sp. 1654_15,1,1,Bacteria,Bacteria_none,Mycoplasmatota,Mollicutes,Mycoplasmatales,Mycoplasmataceae,Mycoplasma,Bacteria;Bacteria_none;Mycoplasmatota;Mollicutes;Mycoplasmatales;Mycoplasmataceae;Mycoplasma;Mycoplasma sp. 1654_15
Anaerohalosphaera lusitana,1,1,Bacteria,Bacteria_none,Planctomycetota,Phycisphaerae,Sedimentisphaerales,Anaerohalosphaeraceae,Anaerohalosphaera,Bacteria;Bacteria_none;Planctomycetota;Phycisphaerae;Sedimentisphaerales;Anaerohalosphaeraceae;Anaerohalosphaera;Anaerohalosphaera lusitana
Crateriforma conspicua,1,1,Bacteria,Bacteria_none,Planctomycetota,Planctomycetia,Planctomycetales,Planctomycetaceae,Crateriforma,Bacteria;Bacteria_none;Planctomycetota;Planctomycetia;Planctomycetales;Planctomycetaceae;Crateriforma;Crateriforma conspicua
Candidatus Hydrogenosomobacter endosymbioticus,1,1,Bacteria,Bacteria_none,Pseudomonadota,Alphaproteobacteria,Holosporales,Holosporaceae,Candidatus Hydrogenosomobacter,Bacteria;Bacteria_none;Pseudomonadota;Alphaproteobacteria;Holosporales;Holosporaceae;Candidatus Hydrogenosomobacter;Candidatus Hydrogenosomobacter endosymbioticus
Bartonella schoenbuchensis,1,1,Bacteria,Bacteria_none,Pseudomonadota,Alphaproteobacteria,Hyphomicrobiales,Bartonellaceae,Bartonella,Bacteria;Bacteria_none;Pseudomonadota;Alphaproteobacteria;Hyphomicrobiales;Bartonellaceae;Bartonella;Bartonella schoenbuchensis
Bosea sp. F3-2,1,1,Bacteria,Bacteria_none,Pseudomonadota,Alphaproteobacteria,Hyphomicrobiales,Boseaceae,Bosea,Bacteria;Bacteria_none;Pseudomonadota;Alphaproteobacteria;Hyphomicrobiales;Boseaceae;Bosea;Bosea sp. F3-2
Methylobacterium mesophilicum,1,1,Bacteria,Bacteria_none,Pseudomonadota,Alphaproteobacteria,Hyphomicrobiales,Methylobacteriaceae,Methylobacterium,Bacteria;Bacteria_none;Pseudomonadota;Alphaproteobacteria;Hyphomicrobiales;Methylobacteriaceae;Methylobacterium;Methylobacterium mesophilicum
Bradyrhizobium diazoefficiens,1,1,Bacteria,Bacteria_none,Pseudomonadota,Alphaproteobacteria,Hyphomicrobiales,Nitrobacteraceae,Bradyrhizobium,Bacteria;Bacteria_none;Pseudomonadota;Alphaproteobacteria;Hyphomicrobiales;Nitrobacteraceae;Bradyrhizobium;Bradyrhizobium diazoefficiens
Bradyrhizobium japonicum,1,1,Bacteria,Bacteria_none,Pseudomonadota,Alphaproteobacteria,Hyphomicrobiales,Nitrobacteraceae,Bradyrhizobium,Bacteria;Bacteria_none;Pseudomonadota;Alphaproteobacteria;Hyphomicrobiales;Nitrobacteraceae;Bradyrhizobium;Bradyrhizobium japonicum
Bradyrhizobium sp. CB1015,1,1,Bacteria,Bacteria_none,Pseudomonadota,Alphaproteobacteria,Hyphomicrobiales,Nitrobacteraceae,Bradyrhizobium,Bacteria;Bacteria_none;Pseudomonadota;Alphaproteobacteria;Hyphomicrobiales;Nitrobacteraceae;Bradyrhizobium;Bradyrhizobium sp. CB1015
Mesorhizobium opportunistum,1,1,Bacteria,Bacteria_none,Pseudomonadota,Alphaproteobacteria,Hyphomicrobiales,Phyllobacteriaceae,Mesorhizobium,Bacteria;Bacteria_none;Pseudomonadota;Alphaproteobacteria;Hyphomicrobiales;Phyllobacteriaceae;Mesorhizobium;Mesorhizobium opportunistum
Paracoccus methylovorus,1,1,Bacteria,Bacteria_none,Pseudomonadota,Alphaproteobacteria,Rhodobacterales,Paracoccaceae,Paracoccus,Bacteria;Bacteria_none;Pseudomonadota;Alphaproteobacteria;Rhodobacterales;Paracoccaceae;Paracoccus;Paracoccus methylovorus
Phaeobacter inhibens,1,1,Bacteria,Bacteria_none,Pseudomonadota,Alphaproteobacteria,Rhodobacterales,Roseobacteraceae,Phaeobacter,Bacteria;Bacteria_none;Pseudomonadota;Alphaproteobacteria;Rhodobacterales;Roseobacteraceae;Phaeobacter;Phaeobacter inhibens
Phaeobacter piscinae,1,1,Bacteria,Bacteria_none,Pseudomonadota,Alphaproteobacteria,Rhodobacterales,Roseobacteraceae,Phaeobacter,Bacteria;Bacteria_none;Pseudomonadota;Alphaproteobacteria;Rhodobacterales;Roseobacteraceae;Phaeobacter;Phaeobacter piscinae
Sulfitobacter sp. M368,1,1,Bacteria,Bacteria_none,Pseudomonadota,Alphaproteobacteria,Rhodobacterales,Roseobacteraceae,Sulfitobacter,Bacteria;Bacteria_none;Pseudomonadota;Alphaproteobacteria;Rhodobacterales;Roseobacteraceae;Sulfitobacter;Sulfitobacter sp. M368
Azospirillum thiophilum,1,1,Bacteria,Bacteria_none,Pseudomonadota,Alphaproteobacteria,Rhodospirillales,Azospirillaceae,Azospirillum,Bacteria;Bacteria_none;Pseudomonadota;Alphaproteobacteria;Rhodospirillales;Azospirillaceae;Azospirillum;Azospirillum thiophilum
Aurantiacibacter gangjinensis,1,1,Bacteria,Bacteria_none,Pseudomonadota,Alphaproteobacteria,Sphingomonadales,Erythrobacteraceae,Aurantiacibacter,Bacteria;Bacteria_none;Pseudomonadota;Alphaproteobacteria;Sphingomonadales;Erythrobacteraceae;Aurantiacibacter;Aurantiacibacter gangjinensis
Sphingobium sp. EP60837,1,1,Bacteria,Bacteria_none,Pseudomonadota,Alphaproteobacteria,Sphingomonadales,Sphingomonadaceae,Sphingobium,Bacteria;Bacteria_none;Pseudomonadota;Alphaproteobacteria;Sphingomonadales;Sphingomonadaceae;Sphingobium;Sphingobium sp. EP60837
Sphingopyxis sp. BSN-002,1,1,Bacteria,Bacteria_none,Pseudomonadota,Alphaproteobacteria,Sphingomonadales,Sphingomonadaceae,Sphingopyxis,Bacteria;Bacteria_none;Pseudomonadota;Alphaproteobacteria;Sphingomonadales;Sphingomonadaceae;Sphingopyxis;Sphingopyxis sp. BSN-002
Alcaligenes aquatilis,1,1,Bacteria,Bacteria_none,Pseudomonadota,Betaproteobacteria,Burkholderiales,Alcaligenaceae,Alcaligenes,Bacteria;Bacteria_none;Pseudomonadota;Betaproteobacteria;Burkholderiales;Alcaligenaceae;Alcaligenes;Alcaligenes aquatilis
Paralcaligenes sp. KSB-10,1,1,Bacteria,Bacteria_none,Pseudomonadota,Betaproteobacteria,Burkholderiales,Alcaligenaceae,Paralcaligenes,Bacteria;Bacteria_none;Pseudomonadota;Betaproteobacteria;Burkholderiales;Alcaligenaceae;Paralcaligenes;Paralcaligenes sp. KSB-10
Burkholderia plantarii,1,1,Bacteria,Bacteria_none,Pseudomonadota,Betaproteobacteria,Burkholderiales,Burkholderiaceae,Burkholderia,Bacteria;Bacteria_none;Pseudomonadota;Betaproteobacteria;Burkholderiales;Burkholderiaceae;Burkholderia;Burkholderia plantarii
Paraburkholderia dioscoreae,1,1,Bacteria,Bacteria_none,Pseudomonadota,Betaproteobacteria,Burkholderiales,Burkholderiaceae,Paraburkholderia,Bacteria;Bacteria_none;Pseudomonadota;Betaproteobacteria;Burkholderiales;Burkholderiaceae;Paraburkholderia;Paraburkholderia dioscoreae
Acidovorax sp. YS12,1,1,Bacteria,Bacteria_none,Pseudomonadota,Betaproteobacteria,Burkholderiales,Comamonadaceae,Acidovorax,Bacteria;Bacteria_none;Pseudomonadota;Betaproteobacteria;Burkholderiales;Comamonadaceae;Acidovorax;Acidovorax sp. YS12
Neisseria meningitidis,1,1,Bacteria,Bacteria_none,Pseudomonadota,Betaproteobacteria,Neisseriales,Neisseriaceae,Neisseria,Bacteria;Bacteria_none;Pseudomonadota;Betaproteobacteria;Neisseriales;Neisseriaceae;Neisseria;Neisseria meningitidis
Nitrosomonas eutropha,1,1,Bacteria,Bacteria_none,Pseudomonadota,Betaproteobacteria,Nitrosomonadales,Nitrosomonadaceae,Nitrosomonas,Bacteria;Bacteria_none;Pseudomonadota;Betaproteobacteria;Nitrosomonadales;Nitrosomonadaceae;Nitrosomonas;Nitrosomonas eutropha
Fluviibacter phosphoraccumulans,1,1,Bacteria,Bacteria_none,Pseudomonadota,Betaproteobacteria,Rhodocyclales,Fluviibacteraceae,Fluviibacter,Bacteria;Bacteria_none;Pseudomonadota;Betaproteobacteria;Rhodocyclales;Fluviibacteraceae;Fluviibacter;Fluviibacter phosphoraccumulans
Campylobacter sp. RM12651,1,1,Bacteria,Bacteria_none,Pseudomonadota,Epsilonproteobacteria,Campylobacterales,Campylobacteraceae,Campylobacter,Bacteria;Bacteria_none;Pseudomonadota;Epsilonproteobacteria;Campylobacterales;Campylobacteraceae;Campylobacter;Campylobacter sp. RM12651
Helicobacter pylori,1,1,Bacteria,Bacteria_none,Pseudomonadota,Epsilonproteobacteria,Campylobacterales,Helicobacteraceae,Helicobacter,Bacteria;Bacteria_none;Pseudomonadota;Epsilonproteobacteria;Campylobacterales;Helicobacteraceae;Helicobacter;Helicobacter pylori
Sulfurimonas sediminis,1,1,Bacteria,Bacteria_none,Pseudomonadota,Epsilonproteobacteria,Campylobacterales,Thiovulaceae,Sulfurimonas,Bacteria;Bacteria_none;Pseudomonadota;Epsilonproteobacteria;Campylobacterales;Thiovulaceae;Sulfurimonas;Sulfurimonas sediminis
Oceanisphaera avium,1,1,Bacteria,Bacteria_none,Pseudomonadota,Gammaproteobacteria,Aeromonadales,Aeromonadaceae,Oceanisphaera,Bacteria;Bacteria_none;Pseudomonadota;Gammaproteobacteria;Aeromonadales;Aeromonadaceae;Oceanisphaera;Oceanisphaera avium
Alkalimarinus sp. A2M4,1,1,Bacteria,Bacteria_none,Pseudomonadota,Gammaproteobacteria,Alteromonadales,Alteromonadaceae,Alkalimarinus,Bacteria;Bacteria_none;Pseudomonadota;Gammaproteobacteria;Alteromonadales;Alteromonadaceae;Alkalimarinus;Alkalimarinus sp. A2M4
Shewanella donghaensis,1,1,Bacteria,Bacteria_none,Pseudomonadota,Gammaproteobacteria,Alteromonadales,Shewanellaceae,Shewanella,Bacteria;Bacteria_none;Pseudomonadota;Gammaproteobacteria;Alteromonadales;Shewanellaceae;Shewanella;Shewanella donghaensis
Shewanella sp. MTB7,1,1,Bacteria,Bacteria_none,Pseudomonadota,Gammaproteobacteria,Alteromonadales,Shewanellaceae,Shewanella,Bacteria;Bacteria_none;Pseudomonadota;Gammaproteobacteria;Alteromonadales;Shewanellaceae;Shewanella;Shewanella sp. MTB7
Shewanella yunxiaonensis,1,1,Bacteria,Bacteria_none,Pseudomonadota,Gammaproteobacteria,Alteromonadales,Shewanellaceae,Shewanella,Bacteria;Bacteria_none;Pseudomonadota;Gammaproteobacteria;Alteromonadales;Shewanellaceae;Shewanella;Shewanella yunxiaonensis
Citrobacter freundii complex sp. CFNIH2,1,1,Bacteria,Bacteria_none,Pseudomonadota,Gammaproteobacteria,Enterobacterales,Enterobacteriaceae,Citrobacter,Bacteria;Bacteria_none;Pseudomonadota;Gammaproteobacteria;Enterobacterales;Enterobacteriaceae;Citrobacter;Citrobacter freundii complex sp. CFNIH2
Cronobacter sakazakii,1,1,Bacteria,Bacteria_none,Pseudomonadota,Gammaproteobacteria,Enterobacterales,Enterobacteriaceae,Cronobacter,Bacteria;Bacteria_none;Pseudomonadota;Gammaproteobacteria;Enterobacterales;Enterobacteriaceae;Cronobacter;Cronobacter sakazakii
Klebsiella oxytoca,1,1,Bacteria,Bacteria_none,Pseudomonadota,Gammaproteobacteria,Enterobacterales,Enterobacteriaceae,Klebsiella,Bacteria;Bacteria_none;Pseudomonadota;Gammaproteobacteria;Enterobacterales;Enterobacteriaceae;Klebsiella;Klebsiella oxytoca
Kosakonia oryzae,1,1,Bacteria,Bacteria_none,Pseudomonadota,Gammaproteobacteria,Enterobacterales,Enterobacteriaceae,Kosakonia,Bacteria;Bacteria_none;Pseudomonadota;Gammaproteobacteria;Enterobacterales;Enterobacteriaceae;Kosakonia;Kosakonia oryzae
Kosakonia sacchari,1,1,Bacteria,Bacteria_none,Pseudomonadota,Gammaproteobacteria,Enterobacterales,Enterobacteriaceae,Kosakonia,Bacteria;Bacteria_none;Pseudomonadota;Gammaproteobacteria;Enterobacterales;Enterobacteriaceae;Kosakonia;Kosakonia sacchari
Pantoea ananatis,1,1,Bacteria,Bacteria_none,Pseudomonadota,Gammaproteobacteria,Enterobacterales,Erwiniaceae,Pantoea,Bacteria;Bacteria_none;Pseudomonadota;Gammaproteobacteria;Enterobacterales;Erwiniaceae;Pantoea;Pantoea ananatis
Hafnia alvei,1,1,Bacteria,Bacteria_none,Pseudomonadota,Gammaproteobacteria,Enterobacterales,Hafniaceae,Hafnia,Bacteria;Bacteria_none;Pseudomonadota;Gammaproteobacteria;Enterobacterales;Hafniaceae;Hafnia;Hafnia alvei
Proteus hauseri,1,1,Bacteria,Bacteria_none,Pseudomonadota,Gammaproteobacteria,Enterobacterales,Morganellaceae,Proteus,Bacteria;Bacteria_none;Pseudomonadota;Gammaproteobacteria;Enterobacterales;Morganellaceae;Proteus;Proteus hauseri
Serratia marcescens,1,1,Bacteria,Bacteria_none,Pseudomonadota,Gammaproteobacteria,Enterobacterales,Yersiniaceae,Serratia,Bacteria;Bacteria_none;Pseudomonadota;Gammaproteobacteria;Enterobacterales;Yersiniaceae;Serratia;Serratia marcescens
Serratia plymuthica,1,1,Bacteria,Bacteria_none,Pseudomonadota,Gammaproteobacteria,Enterobacterales,Yersiniaceae,Serratia,Bacteria;Bacteria_none;Pseudomonadota;Gammaproteobacteria;Enterobacterales;Yersiniaceae;Serratia;Serratia plymuthica
Moraxella osloensis,1,1,Bacteria,Bacteria_none,Pseudomonadota,Gammaproteobacteria,Moraxellales,Moraxellaceae,Moraxella,Bacteria;Bacteria_none;Pseudomonadota;Gammaproteobacteria;Moraxellales;Moraxellaceae;Moraxella;Moraxella osloensis
Neptunomonas japonica,1,1,Bacteria,Bacteria_none,Pseudomonadota,Gammaproteobacteria,Oceanospirillales,Oceanospirillaceae,Neptunomonas,Bacteria;Bacteria_none;Pseudomonadota;Gammaproteobacteria;Oceanospirillales;Oceanospirillaceae;Neptunomonas;Neptunomonas japonica
Oleiphilus messinensis,1,1,Bacteria,Bacteria_none,Pseudomonadota,Gammaproteobacteria,Oceanospirillales,Oleiphilaceae,Oleiphilus,Bacteria;Bacteria_none;Pseudomonadota;Gammaproteobacteria;Oceanospirillales;Oleiphilaceae;Oleiphilus;Oleiphilus messinensis
Pseudomonas chlororaphis,1,1,Bacteria,Bacteria_none,Pseudomonadota,Gammaproteobacteria,Pseudomonadales,Pseudomonadaceae,Pseudomonas,Bacteria;Bacteria_none;Pseudomonadota;Gammaproteobacteria;Pseudomonadales;Pseudomonadaceae;Pseudomonas;Pseudomonas chlororaphis
Pseudomonas putida,1,1,Bacteria,Bacteria_none,Pseudomonadota,Gammaproteobacteria,Pseudomonadales,Pseudomonadaceae,Pseudomonas,Bacteria;Bacteria_none;Pseudomonadota;Gammaproteobacteria;Pseudomonadales;Pseudomonadaceae;Pseudomonas;Pseudomonas putida
Pseudomonas synxantha,1,1,Bacteria,Bacteria_none,Pseudomonadota,Gammaproteobacteria,Pseudomonadales,Pseudomonadaceae,Pseudomonas,Bacteria;Bacteria_none;Pseudomonadota;Gammaproteobacteria;Pseudomonadales;Pseudomonadaceae;Pseudomonas;Pseudomonas synxantha
Pseudomonas viridiflava,1,1,Bacteria,Bacteria_none,Pseudomonadota,Gammaproteobacteria,Pseudomonadales,Pseudomonadaceae,Pseudomonas,Bacteria;Bacteria_none;Pseudomonadota;Gammaproteobacteria;Pseudomonadales;Pseudomonadaceae;Pseudomonas;Pseudomonas viridiflava
Stutzerimonas stutzeri,1,1,Bacteria,Bacteria_none,Pseudomonadota,Gammaproteobacteria,Pseudomonadales,Pseudomonadaceae,Stutzerimonas,Bacteria;Bacteria_none;Pseudomonadota;Gammaproteobacteria;Pseudomonadales;Pseudomonadaceae;Stutzerimonas;Stutzerimonas stutzeri
Vibrio cincinnatiensis,1,1,Bacteria,Bacteria_none,Pseudomonadota,Gammaproteobacteria,Vibrionales,Vibrionaceae,Vibrio,Bacteria;Bacteria_none;Pseudomonadota;Gammaproteobacteria;Vibrionales;Vibrionaceae;Vibrio;Vibrio cincinnatiensis
Vibrio scophthalmi,1,1,Bacteria,Bacteria_none,Pseudomonadota,Gammaproteobacteria,Vibrionales,Vibrionaceae,Vibrio,Bacteria;Bacteria_none;Pseudomonadota;Gammaproteobacteria;Vibrionales;Vibrionaceae;Vibrio;Vibrio scophthalmi
Pseudoxanthomonas spadix,1,1,Bacteria,Bacteria_none,Pseudomonadota,Gammaproteobacteria,Xanthomonadales,Xanthomonadaceae,Pseudoxanthomonas,Bacteria;Bacteria_none;Pseudomonadota;Gammaproteobacteria;Xanthomonadales;Xanthomonadaceae;Pseudoxanthomonas;Pseudoxanthomonas spadix
Xanthomonas translucens,1,1,Bacteria,Bacteria_none,Pseudomonadota,Gammaproteobacteria,Xanthomonadales,Xanthomonadaceae,Xanthomonas,Bacteria;Bacteria_none;Pseudomonadota;Gammaproteobacteria;Xanthomonadales;Xanthomonadaceae;Xanthomonas;Xanthomonas translucens
Hydrogenophilus thermoluteolus,1,1,Bacteria,Bacteria_none,Pseudomonadota,Hydrogenophilia,Hydrogenophilales,Hydrogenophilaceae,Hydrogenophilus,Bacteria;Bacteria_none;Pseudomonadota;Hydrogenophilia;Hydrogenophilales;Hydrogenophilaceae;Hydrogenophilus;Hydrogenophilus thermoluteolus
Fluviispira sanaruensis,1,1,Bacteria,Bacteria_none,Pseudomonadota,Oligoflexia,Silvanigrellales,Silvanigrellaceae,Fluviispira,Bacteria;Bacteria_none;Pseudomonadota;Oligoflexia;Silvanigrellales;Silvanigrellaceae;Fluviispira;Fluviispira sanaruensis
Ruficoccus sp. ZRK36,1,1,Bacteria,Bacteria_none,Verrucomicrobiota,Opitutae,Puniceicoccales,Puniceicoccaceae,Ruficoccus,Bacteria;Bacteria_none;Verrucomicrobiota;Opitutae;Puniceicoccales;Puniceicoccaceae;Ruficoccus;Ruficoccus sp. ZRK36
Roseimicrobium sp. ORNL1,1,1,Bacteria,Bacteria_none,Verrucomicrobiota,Verrucomicrobiae,Verrucomicrobiales,Verrucomicrobiaceae,Roseimicrobium,Bacteria;Bacteria_none;Verrucomicrobiota;Verrucomicrobiae;Verrucomicrobiales;Verrucomicrobiaceae;Roseimicrobium;Roseimicrobium sp. ORNL1
Plasmodium cynomolgi,1,1,Eukaryota,Eukaryota_Incertae_sedis,Apicomplexa,Aconoidasida,Haemosporida,Plasmodiidae,Plasmodium,Eukaryota;Eukaryota_Incertae_sedis;Apicomplexa;Aconoidasida;Haemosporida;Plasmodiidae;Plasmodium;Plasmodium cynomolgi
Plasmodium falciparum,1,1,Eukaryota,Eukaryota_Incertae_sedis,Apicomplexa,Aconoidasida,Haemosporida,Plasmodiidae,Plasmodium,Eukaryota;Eukaryota_Incertae_sedis;Apicomplexa;Aconoidasida;Haemosporida;Plasmodiidae;Plasmodium;Plasmodium falciparum
Plasmodium malariae,1,1,Eukaryota,Eukaryota_Incertae_sedis,Apicomplexa,Aconoidasida,Haemosporida,Plasmodiidae,Plasmodium,Eukaryota;Eukaryota_Incertae_sedis;Apicomplexa;Aconoidasida;Haemosporida;Plasmodiidae;Plasmodium;Plasmodium malariae
Plasmodium relictum,1,1,Eukaryota,Eukaryota_Incertae_sedis,Apicomplexa,Aconoidasida,Haemosporida,Plasmodiidae,Plasmodium,Eukaryota;Eukaryota_Incertae_sedis;Apicomplexa;Aconoidasida;Haemosporida;Plasmodiidae;Plasmodium;Plasmodium relictum
Plasmodium vinckei,1,1,Eukaryota,Eukaryota_Incertae_sedis,Apicomplexa,Aconoidasida,Haemosporida,Plasmodiidae,Plasmodium,Eukaryota;Eukaryota_Incertae_sedis;Apicomplexa;Aconoidasida;Haemosporida;Plasmodiidae;Plasmodium;Plasmodium vinckei
Theileria orientalis,1,1,Eukaryota,Eukaryota_Incertae_sedis,Apicomplexa,Aconoidasida,Piroplasmida,Theileriidae,Theileria,Eukaryota;Eukaryota_Incertae_sedis;Apicomplexa;Aconoidasida;Piroplasmida;Theileriidae;Theileria;Theileria orientalis
Neospora caninum,1,1,Eukaryota,Eukaryota_Incertae_sedis,Apicomplexa,Conoidasida,Eucoccidiorida,Sarcocystidae,Neospora,Eukaryota;Eukaryota_Incertae_sedis;Apicomplexa;Conoidasida;Eucoccidiorida;Sarcocystidae;Neospora;Neospora caninum
Toxoplasma gondii,1,1,Eukaryota,Eukaryota_Incertae_sedis,Apicomplexa,Conoidasida,Eucoccidiorida,Sarcocystidae,Toxoplasma,Eukaryota;Eukaryota_Incertae_sedis;Apicomplexa;Conoidasida;Eucoccidiorida;Sarcocystidae;Toxoplasma;Toxoplasma gondii
Dictyostelium discoideum,1,1,Eukaryota,Eukaryota_Incertae_sedis,Evosea,Eumycetozoa,Dictyosteliales,Dictyosteliaceae,Dictyostelium,Eukaryota;Eukaryota_Incertae_sedis;Evosea;Eumycetozoa;Dictyosteliales;Dictyosteliaceae;Dictyostelium;Dictyostelium discoideum
Fulvia fulva,1,1,Eukaryota,Fungi,Ascomycota,Dothideomycetes,Mycosphaerellales,Mycosphaerellaceae,Fulvia,Eukaryota;Fungi;Ascomycota;Dothideomycetes;Mycosphaerellales;Mycosphaerellaceae;Fulvia;Fulvia fulva
Aspergillus luchuensis,1,1,Eukaryota,Fungi,Ascomycota,Eurotiomycetes,Eurotiales,Aspergillaceae,Aspergillus,Eukaryota;Fungi;Ascomycota;Eurotiomycetes;Eurotiales;Aspergillaceae;Aspergillus;Aspergillus luchuensis
Aspergillus oryzae,1,1,Eukaryota,Fungi,Ascomycota,Eurotiomycetes,Eurotiales,Aspergillaceae,Aspergillus,Eukaryota;Fungi;Ascomycota;Eurotiomycetes;Eurotiales;Aspergillaceae;Aspergillus;Aspergillus oryzae
Talaromyces rugulosus,1,1,Eukaryota,Fungi,Ascomycota,Eurotiomycetes,Eurotiales,Trichocomaceae,Talaromyces,Eukaryota;Fungi;Ascomycota;Eurotiomycetes;Eurotiales;Trichocomaceae;Talaromyces;Talaromyces rugulosus
Candida albicans,1,1,Eukaryota,Fungi,Ascomycota,Saccharomycetes,Saccharomycetales,Debaryomycetaceae,Candida,Eukaryota;Fungi;Ascomycota;Saccharomycetes;Saccharomycetales;Debaryomycetaceae;Candida;Candida albicans
Kazachstania naganishii,1,1,Eukaryota,Fungi,Ascomycota,Saccharomycetes,Saccharomycetales,Saccharomycetaceae,Kazachstania,Eukaryota;Fungi;Ascomycota;Saccharomycetes;Saccharomycetales;Saccharomycetaceae;Kazachstania;Kazachstania naganishii
Saccharomyces cerevisiae,1,1,Eukaryota,Fungi,Ascomycota,Saccharomycetes,Saccharomycetales,Saccharomycetaceae,Saccharomyces,Eukaryota;Fungi;Ascomycota;Saccharomycetes;Saccharomycetales;Saccharomycetaceae;Saccharomyces;Saccharomyces cerevisiae
Tetrapisispora blattae,1,1,Eukaryota,Fungi,Ascomycota,Saccharomycetes,Saccharomycetales,Saccharomycetaceae,Tetrapisispora,Eukaryota;Fungi;Ascomycota;Saccharomycetes;Saccharomycetales;Saccharomycetaceae;Tetrapisispora;Tetrapisispora blattae
Fusarium falciforme,1,1,Eukaryota,Fungi,Ascomycota,Sordariomycetes,Hypocreales,Nectriaceae,Fusarium,Eukaryota;Fungi;Ascomycota;Sordariomycetes;Hypocreales;Nectriaceae;Fusarium;Fusarium falciforme
Fusarium venenatum,1,1,Eukaryota,Fungi,Ascomycota,Sordariomycetes,Hypocreales,Nectriaceae,Fusarium,Eukaryota;Fungi;Ascomycota;Sordariomycetes;Hypocreales;Nectriaceae;Fusarium;Fusarium venenatum
Psilocybe cubensis,1,1,Eukaryota,Fungi,Basidiomycota,Agaricomycetes,Agaricales,Strophariaceae,Psilocybe,Eukaryota;Fungi;Basidiomycota;Agaricomycetes;Agaricales;Strophariaceae;Psilocybe;Psilocybe cubensis
Erigeron canadensis,1,1,Eukaryota,Viridiplantae,Streptophyta,Magnoliopsida,Asterales,Asteraceae,Erigeron,Eukaryota;Viridiplantae;Streptophyta;Magnoliopsida;Asterales;Asteraceae;Erigeron;Erigeron canadensis
Brassica rapa,1,1,Eukaryota,Viridiplantae,Streptophyta,Magnoliopsida,Brassicales,Brassicaceae,Brassica,Eukaryota;Viridiplantae;Streptophyta;Magnoliopsida;Brassicales;Brassicaceae;Brassica;Brassica rapa
Tripterygium wilfordii,1,1,Eukaryota,Viridiplantae,Streptophyta,Magnoliopsida,Celastrales,Celastraceae,Tripterygium,Eukaryota;Viridiplantae;Streptophyta;Magnoliopsida;Celastrales;Celastraceae;Tripterygium;Tripterygium wilfordii
Lolium perenne,1,1,Eukaryota,Viridiplantae,Streptophyta,Magnoliopsida,Poales,Poaceae,Lolium,Eukaryota;Viridiplantae;Streptophyta;Magnoliopsida;Poales;Poaceae;Lolium;Lolium perenne