species,fastq,total,superkingdom,kingdom,phylum,class,order,family,genus,tax
Unknown,426509,426509,Unclassified,Unknown,Unknown,Unknown,Unknown,Unknown,Unknown,Unclassified;Unknown;Unknown;Unknown;Unknown;Unknown;Unknown;Unknown
Trypanosoma brucei,22533,22533,Eukaryota,Eukaryota_Incertae_sedis,Euglenozoa,Kinetoplastea,Trypanosomatida,Trypanosomatidae,Trypanosoma,Eukaryota;Eukaryota_Incertae_sedis;Euglenozoa;Kinetoplastea;Trypanosomatida;Trypanosomatidae;Trypanosoma;Trypanosoma brucei
Curtobacterium flaccumfaciens,13376,13376,Bacteria,Bacteria_none,Actinomycetota,Actinomycetes,Micrococcales,Microbacteriaceae,Curtobacterium,Bacteria;Bacteria_none;Actinomycetota;Actinomycetes;Micrococcales;Microbacteriaceae;Curtobacterium;Curtobacterium flaccumfaciens
Homo sapiens,10923,10923,Eukaryota,Metazoa,Chordata,Mammalia,Primates,Hominidae,Homo,Eukaryota;Metazoa;Chordata;Mammalia;Primates;Hominidae;Homo;Homo sapiens
Escherichia coli,6582,6582,Bacteria,Bacteria_none,Pseudomonadota,Gammaproteobacteria,Enterobacterales,Enterobacteriaceae,Escherichia,Bacteria;Bacteria_none;Pseudomonadota;Gammaproteobacteria;Enterobacterales;Enterobacteriaceae;Escherichia;Escherichia coli
Salmonella enterica,178,178,Bacteria,Bacteria_none,Pseudomonadota,Gammaproteobacteria,Enterobacterales,Enterobacteriaceae,Salmonella,Bacteria;Bacteria_none;Pseudomonadota;Gammaproteobacteria;Enterobacterales;Enterobacteriaceae;Salmonella;Salmonella enterica
Zingiber officinale,144,144,Eukaryota,Viridiplantae,Streptophyta,Magnoliopsida,Zingiberales,Zingiberaceae,Zingiber,Eukaryota;Viridiplantae;Streptophyta;Magnoliopsida;Zingiberales;Zingiberaceae;Zingiber;Zingiber officinale
Klebsiella quasipneumoniae,78,78,Bacteria,Bacteria_none,Pseudomonadota,Gammaproteobacteria,Enterobacterales,Enterobacteriaceae,Klebsiella,Bacteria;Bacteria_none;Pseudomonadota;Gammaproteobacteria;Enterobacterales;Enterobacteriaceae;Klebsiella;Klebsiella quasipneumoniae
Citrobacter freundii,68,68,Bacteria,Bacteria_none,Pseudomonadota,Gammaproteobacteria,Enterobacterales,Enterobacteriaceae,Citrobacter,Bacteria;Bacteria_none;Pseudomonadota;Gammaproteobacteria;Enterobacterales;Enterobacteriaceae;Citrobacter;Citrobacter freundii
Asparagus officinalis,55,55,Eukaryota,Viridiplantae,Streptophyta,Magnoliopsida,Asparagales,Asparagaceae,Asparagus,Eukaryota;Viridiplantae;Streptophyta;Magnoliopsida;Asparagales;Asparagaceae;Asparagus;Asparagus officinalis
Mus musculus mobilized endogenous polytropic provirus,48,48,Viruses,Pararnavirae,Artverviricota,Revtraviricetes,Ortervirales,Retroviridae,Gammaretrovirus,Viruses;Pararnavirae;Artverviricota;Revtraviricetes;Ortervirales;Retroviridae;Gammaretrovirus;Mus musculus mobilized endogenous polytropic provirus
Pasteurella multocida,44,44,Bacteria,Bacteria_none,Pseudomonadota,Gammaproteobacteria,Pasteurellales,Pasteurellaceae,Pasteurella,Bacteria;Bacteria_none;Pseudomonadota;Gammaproteobacteria;Pasteurellales;Pasteurellaceae;Pasteurella;Pasteurella multocida
Capsicum annuum,29,29,Eukaryota,Viridiplantae,Streptophyta,Magnoliopsida,Solanales,Solanaceae,Capsicum,Eukaryota;Viridiplantae;Streptophyta;Magnoliopsida;Solanales;Solanaceae;Capsicum;Capsicum annuum
Triticum dicoccoides,28,28,Eukaryota,Viridiplantae,Streptophyta,Magnoliopsida,Poales,Poaceae,Triticum,Eukaryota;Viridiplantae;Streptophyta;Magnoliopsida;Poales;Poaceae;Triticum;Triticum dicoccoides
Helianthus annuus,26,26,Eukaryota,Viridiplantae,Streptophyta,Magnoliopsida,Asterales,Asteraceae,Helianthus,Eukaryota;Viridiplantae;Streptophyta;Magnoliopsida;Asterales;Asteraceae;Helianthus;Helianthus annuus
Nicotiana attenuata,26,26,Eukaryota,Viridiplantae,Streptophyta,Magnoliopsida,Solanales,Solanaceae,Nicotiana,Eukaryota;Viridiplantae;Streptophyta;Magnoliopsida;Solanales;Solanaceae;Nicotiana;Nicotiana attenuata
Pisum sativum,25,25,Eukaryota,Viridiplantae,Streptophyta,Magnoliopsida,Fabales,Fabaceae,Pisum,Eukaryota;Viridiplantae;Streptophyta;Magnoliopsida;Fabales;Fabaceae;Pisum;Pisum sativum
Escherichia albertii,24,24,Bacteria,Bacteria_none,Pseudomonadota,Gammaproteobacteria,Enterobacterales,Enterobacteriaceae,Escherichia,Bacteria;Bacteria_none;Pseudomonadota;Gammaproteobacteria;Enterobacterales;Enterobacteriaceae;Escherichia;Escherichia albertii
Arachis hypogaea,21,21,Eukaryota,Viridiplantae,Streptophyta,Magnoliopsida,Fabales,Fabaceae,Arachis,Eukaryota;Viridiplantae;Streptophyta;Magnoliopsida;Fabales;Fabaceae;Arachis;Arachis hypogaea
Kordiimonas pumila,20,20,Bacteria,Bacteria_none,Pseudomonadota,Alphaproteobacteria,Kordiimonadales,Kordiimonadaceae,Kordiimonas,Bacteria;Bacteria_none;Pseudomonadota;Alphaproteobacteria;Kordiimonadales;Kordiimonadaceae;Kordiimonas;Kordiimonas pumila
Juglans microcarpa x Juglans regia,20,20,Eukaryota,Viridiplantae,Streptophyta,Magnoliopsida,Fagales,Juglandaceae,Juglans,Eukaryota;Viridiplantae;Streptophyta;Magnoliopsida;Fagales;Juglandaceae;Juglans;Juglans microcarpa x Juglans regia
Triticum aestivum,20,20,Eukaryota,Viridiplantae,Streptophyta,Magnoliopsida,Poales,Poaceae,Triticum,Eukaryota;Viridiplantae;Streptophyta;Magnoliopsida;Poales;Poaceae;Triticum;Triticum aestivum
Papaver somniferum,19,19,Eukaryota,Viridiplantae,Streptophyta,Magnoliopsida,Ranunculales,Papaveraceae,Papaver,Eukaryota;Viridiplantae;Streptophyta;Magnoliopsida;Ranunculales;Papaveraceae;Papaver;Papaver somniferum
Desulfomonile tiedjei,18,18,Bacteria,Bacteria_none,Pseudomonadota,Deltaproteobacteria,Syntrophales,Syntrophaceae,Desulfomonile,Bacteria;Bacteria_none;Pseudomonadota;Deltaproteobacteria;Syntrophales;Syntrophaceae;Desulfomonile;Desulfomonile tiedjei
Shigella flexneri,17,17,Bacteria,Bacteria_none,Pseudomonadota,Gammaproteobacteria,Enterobacterales,Enterobacteriaceae,Shigella,Bacteria;Bacteria_none;Pseudomonadota;Gammaproteobacteria;Enterobacterales;Enterobacteriaceae;Shigella;Shigella flexneri
Lactuca sativa,17,17,Eukaryota,Viridiplantae,Streptophyta,Magnoliopsida,Asterales,Asteraceae,Lactuca,Eukaryota;Viridiplantae;Streptophyta;Magnoliopsida;Asterales;Asteraceae;Lactuca;Lactuca sativa
Benincasa hispida,17,17,Eukaryota,Viridiplantae,Streptophyta,Magnoliopsida,Cucurbitales,Cucurbitaceae,Benincasa,Eukaryota;Viridiplantae;Streptophyta;Magnoliopsida;Cucurbitales;Cucurbitaceae;Benincasa;Benincasa hispida
Salvia splendens,17,17,Eukaryota,Viridiplantae,Streptophyta,Magnoliopsida,Lamiales,Lamiaceae,Salvia,Eukaryota;Viridiplantae;Streptophyta;Magnoliopsida;Lamiales;Lamiaceae;Salvia;Salvia splendens
Gossypium hirsutum,17,17,Eukaryota,Viridiplantae,Streptophyta,Magnoliopsida,Malvales,Malvaceae,Gossypium,Eukaryota;Viridiplantae;Streptophyta;Magnoliopsida;Malvales;Malvaceae;Gossypium;Gossypium hirsutum
Solanum pennellii,17,17,Eukaryota,Viridiplantae,Streptophyta,Magnoliopsida,Solanales,Solanaceae,Solanum,Eukaryota;Viridiplantae;Streptophyta;Magnoliopsida;Solanales;Solanaceae;Solanum;Solanum pennellii
Escherichia marmotae,16,16,Bacteria,Bacteria_none,Pseudomonadota,Gammaproteobacteria,Enterobacterales,Enterobacteriaceae,Escherichia,Bacteria;Bacteria_none;Pseudomonadota;Gammaproteobacteria;Enterobacterales;Enterobacteriaceae;Escherichia;Escherichia marmotae
Brassica napus,15,15,Eukaryota,Viridiplantae,Streptophyta,Magnoliopsida,Brassicales,Brassicaceae,Brassica,Eukaryota;Viridiplantae;Streptophyta;Magnoliopsida;Brassicales;Brassicaceae;Brassica;Brassica napus
Lupinus angustifolius,15,15,Eukaryota,Viridiplantae,Streptophyta,Magnoliopsida,Fabales,Fabaceae,Lupinus,Eukaryota;Viridiplantae;Streptophyta;Magnoliopsida;Fabales;Fabaceae;Lupinus;Lupinus angustifolius
Hordeum vulgare,15,15,Eukaryota,Viridiplantae,Streptophyta,Magnoliopsida,Poales,Poaceae,Hordeum,Eukaryota;Viridiplantae;Streptophyta;Magnoliopsida;Poales;Poaceae;Hordeum;Hordeum vulgare
Staphylococcus aureus,14,14,Bacteria,Bacteria_none,Bacillota,Bacilli,Bacillales,Staphylococcaceae,Staphylococcus,Bacteria;Bacteria_none;Bacillota;Bacilli;Bacillales;Staphylococcaceae;Staphylococcus;Staphylococcus aureus
Klebsiella pneumoniae,14,14,Bacteria,Bacteria_none,Pseudomonadota,Gammaproteobacteria,Enterobacterales,Enterobacteriaceae,Klebsiella,Bacteria;Bacteria_none;Pseudomonadota;Gammaproteobacteria;Enterobacterales;Enterobacteriaceae;Klebsiella;Klebsiella pneumoniae
Diospyros lotus,14,14,Eukaryota,Viridiplantae,Streptophyta,Magnoliopsida,Ericales,Ebenaceae,Diospyros,Eukaryota;Viridiplantae;Streptophyta;Magnoliopsida;Ericales;Ebenaceae;Diospyros;Diospyros lotus
Medicago truncatula,14,14,Eukaryota,Viridiplantae,Streptophyta,Magnoliopsida,Fabales,Fabaceae,Medicago,Eukaryota;Viridiplantae;Streptophyta;Magnoliopsida;Fabales;Fabaceae;Medicago;Medicago truncatula
Phaseolus vulgaris,14,14,Eukaryota,Viridiplantae,Streptophyta,Magnoliopsida,Fabales,Fabaceae,Phaseolus,Eukaryota;Viridiplantae;Streptophyta;Magnoliopsida;Fabales;Fabaceae;Phaseolus;Phaseolus vulgaris
Gossypium arboreum,14,14,Eukaryota,Viridiplantae,Streptophyta,Magnoliopsida,Malvales,Malvaceae,Gossypium,Eukaryota;Viridiplantae;Streptophyta;Magnoliopsida;Malvales;Malvaceae;Gossypium;Gossypium arboreum
Gossypium raimondii,14,14,Eukaryota,Viridiplantae,Streptophyta,Magnoliopsida,Malvales,Malvaceae,Gossypium,Eukaryota;Viridiplantae;Streptophyta;Magnoliopsida;Malvales;Malvaceae;Gossypium;Gossypium raimondii
Lolium rigidum,14,14,Eukaryota,Viridiplantae,Streptophyta,Magnoliopsida,Poales,Poaceae,Lolium,Eukaryota;Viridiplantae;Streptophyta;Magnoliopsida;Poales;Poaceae;Lolium;Lolium rigidum
Halomonas sp. N3-2A,13,13,Bacteria,Bacteria_none,Pseudomonadota,Gammaproteobacteria,Oceanospirillales,Halomonadaceae,Halomonas,Bacteria;Bacteria_none;Pseudomonadota;Gammaproteobacteria;Oceanospirillales;Halomonadaceae;Halomonas;Halomonas sp. N3-2A
Phoenix dactylifera,13,13,Eukaryota,Viridiplantae,Streptophyta,Magnoliopsida,Arecales,Arecaceae,Phoenix,Eukaryota;Viridiplantae;Streptophyta;Magnoliopsida;Arecales;Arecaceae;Phoenix;Phoenix dactylifera
Olea europaea,13,13,Eukaryota,Viridiplantae,Streptophyta,Magnoliopsida,Lamiales,Oleaceae,Olea,Eukaryota;Viridiplantae;Streptophyta;Magnoliopsida;Lamiales;Oleaceae;Olea;Olea europaea
Impatiens glandulifera,12,12,Eukaryota,Viridiplantae,Streptophyta,Magnoliopsida,Ericales,Balsaminaceae,Impatiens,Eukaryota;Viridiplantae;Streptophyta;Magnoliopsida;Ericales;Balsaminaceae;Impatiens;Impatiens glandulifera
Physcomitrium patens,11,11,Eukaryota,Viridiplantae,Streptophyta,Bryopsida,Funariales,Funariaceae,Physcomitrium,Eukaryota;Viridiplantae;Streptophyta;Bryopsida;Funariales;Funariaceae;Physcomitrium;Physcomitrium patens
Elaeis guineensis,11,11,Eukaryota,Viridiplantae,Streptophyta,Magnoliopsida,Arecales,Arecaceae,Elaeis,Eukaryota;Viridiplantae;Streptophyta;Magnoliopsida;Arecales;Arecaceae;Elaeis;Elaeis guineensis
Cynara cardunculus,11,11,Eukaryota,Viridiplantae,Streptophyta,Magnoliopsida,Asterales,Asteraceae,Cynara,Eukaryota;Viridiplantae;Streptophyta;Magnoliopsida;Asterales;Asteraceae;Cynara;Cynara cardunculus
Cucumis melo,11,11,Eukaryota,Viridiplantae,Streptophyta,Magnoliopsida,Cucurbitales,Cucurbitaceae,Cucumis,Eukaryota;Viridiplantae;Streptophyta;Magnoliopsida;Cucurbitales;Cucurbitaceae;Cucumis;Cucumis melo
Cicer arietinum,11,11,Eukaryota,Viridiplantae,Streptophyta,Magnoliopsida,Fabales,Fabaceae,Cicer,Eukaryota;Viridiplantae;Streptophyta;Magnoliopsida;Fabales;Fabaceae;Cicer;Cicer arietinum
Quercus lobata,11,11,Eukaryota,Viridiplantae,Streptophyta,Magnoliopsida,Fagales,Fagaceae,Quercus,Eukaryota;Viridiplantae;Streptophyta;Magnoliopsida;Fagales;Fagaceae;Quercus;Quercus lobata
Telopea speciosissima,11,11,Eukaryota,Viridiplantae,Streptophyta,Magnoliopsida,Proteales,Proteaceae,Telopea,Eukaryota;Viridiplantae;Streptophyta;Magnoliopsida;Proteales;Proteaceae;Telopea;Telopea speciosissima
Cannabis sativa,11,11,Eukaryota,Viridiplantae,Streptophyta,Magnoliopsida,Rosales,Cannabaceae,Cannabis,Eukaryota;Viridiplantae;Streptophyta;Magnoliopsida;Rosales;Cannabaceae;Cannabis;Cannabis sativa
Solanum stenotomum,11,11,Eukaryota,Viridiplantae,Streptophyta,Magnoliopsida,Solanales,Solanaceae,Solanum,Eukaryota;Viridiplantae;Streptophyta;Magnoliopsida;Solanales;Solanaceae;Solanum;Solanum stenotomum
Aquiflexum balticum,10,10,Bacteria,Bacteria_none,Bacteroidota,Cytophagia,Cytophagales,Cyclobacteriaceae,Aquiflexum,Bacteria;Bacteria_none;Bacteroidota;Cytophagia;Cytophagales;Cyclobacteriaceae;Aquiflexum;Aquiflexum balticum
Sandaracinus amylolyticus,10,10,Bacteria,Bacteria_none,Pseudomonadota,Deltaproteobacteria,Myxococcales,Sandaracinaceae,Sandaracinus,Bacteria;Bacteria_none;Pseudomonadota;Deltaproteobacteria;Myxococcales;Sandaracinaceae;Sandaracinus;Sandaracinus amylolyticus
Glycine max,10,10,Eukaryota,Viridiplantae,Streptophyta,Magnoliopsida,Fabales,Fabaceae,Glycine,Eukaryota;Viridiplantae;Streptophyta;Magnoliopsida;Fabales;Fabaceae;Glycine;Glycine max
Aegilops tauschii,10,10,Eukaryota,Viridiplantae,Streptophyta,Magnoliopsida,Poales,Poaceae,Aegilops,Eukaryota;Viridiplantae;Streptophyta;Magnoliopsida;Poales;Poaceae;Aegilops;Aegilops tauschii
Lolium perenne,10,10,Eukaryota,Viridiplantae,Streptophyta,Magnoliopsida,Poales,Poaceae,Lolium,Eukaryota;Viridiplantae;Streptophyta;Magnoliopsida;Poales;Poaceae;Lolium;Lolium perenne
Vigna radiata,9,9,Eukaryota,Viridiplantae,Streptophyta,Magnoliopsida,Fabales,Fabaceae,Vigna,Eukaryota;Viridiplantae;Streptophyta;Magnoliopsida;Fabales;Fabaceae;Vigna;Vigna radiata
Salvia hispanica,9,9,Eukaryota,Viridiplantae,Streptophyta,Magnoliopsida,Lamiales,Lamiaceae,Salvia,Eukaryota;Viridiplantae;Streptophyta;Magnoliopsida;Lamiales;Lamiaceae;Salvia;Salvia hispanica
Ipomoea triloba,9,9,Eukaryota,Viridiplantae,Streptophyta,Magnoliopsida,Solanales,Convolvulaceae,Ipomoea,Eukaryota;Viridiplantae;Streptophyta;Magnoliopsida;Solanales;Convolvulaceae;Ipomoea;Ipomoea triloba
Solanum lycopersicum,9,9,Eukaryota,Viridiplantae,Streptophyta,Magnoliopsida,Solanales,Solanaceae,Solanum,Eukaryota;Viridiplantae;Streptophyta;Magnoliopsida;Solanales;Solanaceae;Solanum;Solanum lycopersicum
Vitis vinifera,9,9,Eukaryota,Viridiplantae,Streptophyta,Magnoliopsida,Vitales,Vitaceae,Vitis,Eukaryota;Viridiplantae;Streptophyta;Magnoliopsida;Vitales;Vitaceae;Vitis;Vitis vinifera
Beta vulgaris,8,8,Eukaryota,Viridiplantae,Streptophyta,Magnoliopsida,Caryophyllales,Chenopodiaceae,Beta,Eukaryota;Viridiplantae;Streptophyta;Magnoliopsida;Caryophyllales;Chenopodiaceae;Beta;Beta vulgaris
Cajanus cajan,8,8,Eukaryota,Viridiplantae,Streptophyta,Magnoliopsida,Fabales,Fabaceae,Cajanus,Eukaryota;Viridiplantae;Streptophyta;Magnoliopsida;Fabales;Fabaceae;Cajanus;Cajanus cajan
Vigna unguiculata,8,8,Eukaryota,Viridiplantae,Streptophyta,Magnoliopsida,Fabales,Fabaceae,Vigna,Eukaryota;Viridiplantae;Streptophyta;Magnoliopsida;Fabales;Fabaceae;Vigna;Vigna unguiculata
Coffea eugenioides,8,8,Eukaryota,Viridiplantae,Streptophyta,Magnoliopsida,Gentianales,Rubiaceae,Coffea,Eukaryota;Viridiplantae;Streptophyta;Magnoliopsida;Gentianales;Rubiaceae;Coffea;Coffea eugenioides
Ananas comosus,8,8,Eukaryota,Viridiplantae,Streptophyta,Magnoliopsida,Poales,Bromeliaceae,Ananas,Eukaryota;Viridiplantae;Streptophyta;Magnoliopsida;Poales;Bromeliaceae;Ananas;Ananas comosus
Sorghum bicolor,8,8,Eukaryota,Viridiplantae,Streptophyta,Magnoliopsida,Poales,Poaceae,Sorghum,Eukaryota;Viridiplantae;Streptophyta;Magnoliopsida;Poales;Poaceae;Sorghum;Sorghum bicolor
Rosa chinensis,8,8,Eukaryota,Viridiplantae,Streptophyta,Magnoliopsida,Rosales,Rosaceae,Rosa,Eukaryota;Viridiplantae;Streptophyta;Magnoliopsida;Rosales;Rosaceae;Rosa;Rosa chinensis
Erigeron canadensis,7,7,Eukaryota,Viridiplantae,Streptophyta,Magnoliopsida,Asterales,Asteraceae,Erigeron,Eukaryota;Viridiplantae;Streptophyta;Magnoliopsida;Asterales;Asteraceae;Erigeron;Erigeron canadensis
Camelina sativa,7,7,Eukaryota,Viridiplantae,Streptophyta,Magnoliopsida,Brassicales,Brassicaceae,Camelina,Eukaryota;Viridiplantae;Streptophyta;Magnoliopsida;Brassicales;Brassicaceae;Camelina;Camelina sativa
Tripterygium wilfordii,7,7,Eukaryota,Viridiplantae,Streptophyta,Magnoliopsida,Celastrales,Celastraceae,Tripterygium,Eukaryota;Viridiplantae;Streptophyta;Magnoliopsida;Celastrales;Celastraceae;Tripterygium;Tripterygium wilfordii
Dioscorea cayenensis,7,7,Eukaryota,Viridiplantae,Streptophyta,Magnoliopsida,Dioscoreales,Dioscoreaceae,Dioscorea,Eukaryota;Viridiplantae;Streptophyta;Magnoliopsida;Dioscoreales;Dioscoreaceae;Dioscorea;Dioscorea cayenensis
Juglans regia,7,7,Eukaryota,Viridiplantae,Streptophyta,Magnoliopsida,Fagales,Juglandaceae,Juglans,Eukaryota;Viridiplantae;Streptophyta;Magnoliopsida;Fagales;Juglandaceae;Juglans;Juglans regia
Manihot esculenta,7,7,Eukaryota,Viridiplantae,Streptophyta,Magnoliopsida,Malpighiales,Euphorbiaceae,Manihot,Eukaryota;Viridiplantae;Streptophyta;Magnoliopsida;Malpighiales;Euphorbiaceae;Manihot;Manihot esculenta
Ricinus communis,7,7,Eukaryota,Viridiplantae,Streptophyta,Magnoliopsida,Malpighiales,Euphorbiaceae,Ricinus,Eukaryota;Viridiplantae;Streptophyta;Magnoliopsida;Malpighiales;Euphorbiaceae;Ricinus;Ricinus communis
Oryza sativa,7,7,Eukaryota,Viridiplantae,Streptophyta,Magnoliopsida,Poales,Poaceae,Oryza,Eukaryota;Viridiplantae;Streptophyta;Magnoliopsida;Poales;Poaceae;Oryza;Oryza sativa
Triticum urartu,7,7,Eukaryota,Viridiplantae,Streptophyta,Magnoliopsida,Poales,Poaceae,Triticum,Eukaryota;Viridiplantae;Streptophyta;Magnoliopsida;Poales;Poaceae;Triticum;Triticum urartu
Macadamia integrifolia,7,7,Eukaryota,Viridiplantae,Streptophyta,Magnoliopsida,Proteales,Proteaceae,Macadamia,Eukaryota;Viridiplantae;Streptophyta;Magnoliopsida;Proteales;Proteaceae;Macadamia;Macadamia integrifolia
Mangifera indica,7,7,Eukaryota,Viridiplantae,Streptophyta,Magnoliopsida,Sapindales,Anacardiaceae,Mangifera,Eukaryota;Viridiplantae;Streptophyta;Magnoliopsida;Sapindales;Anacardiaceae;Mangifera;Mangifera indica
Alcanivorax sp. N3-2A,6,6,Bacteria,Bacteria_none,Pseudomonadota,Gammaproteobacteria,Oceanospirillales,Alcanivoracaceae,Alcanivorax,Bacteria;Bacteria_none;Pseudomonadota;Gammaproteobacteria;Oceanospirillales;Alcanivoracaceae;Alcanivorax;Alcanivorax sp. N3-2A
Cucurbita pepo,6,6,Eukaryota,Viridiplantae,Streptophyta,Magnoliopsida,Cucurbitales,Cucurbitaceae,Cucurbita,Eukaryota;Viridiplantae;Streptophyta;Magnoliopsida;Cucurbitales;Cucurbitaceae;Cucurbita;Cucurbita pepo
Quercus robur,6,6,Eukaryota,Viridiplantae,Streptophyta,Magnoliopsida,Fagales,Fagaceae,Quercus,Eukaryota;Viridiplantae;Streptophyta;Magnoliopsida;Fagales;Fagaceae;Quercus;Quercus robur
Carya illinoinensis,6,6,Eukaryota,Viridiplantae,Streptophyta,Magnoliopsida,Fagales,Juglandaceae,Carya,Eukaryota;Viridiplantae;Streptophyta;Magnoliopsida;Fagales;Juglandaceae;Carya;Carya illinoinensis
Ziziphus jujuba,6,6,Eukaryota,Viridiplantae,Streptophyta,Magnoliopsida,Rosales,Rhamnaceae,Ziziphus,Eukaryota;Viridiplantae;Streptophyta;Magnoliopsida;Rosales;Rhamnaceae;Ziziphus;Ziziphus jujuba
Prunus mume,6,6,Eukaryota,Viridiplantae,Streptophyta,Magnoliopsida,Rosales,Rosaceae,Prunus,Eukaryota;Viridiplantae;Streptophyta;Magnoliopsida;Rosales;Rosaceae;Prunus;Prunus mume
Vitis riparia,6,6,Eukaryota,Viridiplantae,Streptophyta,Magnoliopsida,Vitales,Vitaceae,Vitis,Eukaryota;Viridiplantae;Streptophyta;Magnoliopsida;Vitales;Vitaceae;Vitis;Vitis riparia
Hymenobacter sp. BRD128,5,5,Bacteria,Bacteria_none,Bacteroidota,Cytophagia,Cytophagales,Hymenobacteraceae,Hymenobacter,Bacteria;Bacteria_none;Bacteroidota;Cytophagia;Cytophagales;Hymenobacteraceae;Hymenobacter;Hymenobacter sp. BRD128
Brassica oleracea,5,5,Eukaryota,Viridiplantae,Streptophyta,Magnoliopsida,Brassicales,Brassicaceae,Brassica,Eukaryota;Viridiplantae;Streptophyta;Magnoliopsida;Brassicales;Brassicaceae;Brassica;Brassica oleracea
Sesamum indicum,5,5,Eukaryota,Viridiplantae,Streptophyta,Magnoliopsida,Lamiales,Pedaliaceae,Sesamum,Eukaryota;Viridiplantae;Streptophyta;Magnoliopsida;Lamiales;Pedaliaceae;Sesamum;Sesamum indicum
Punica granatum,5,5,Eukaryota,Viridiplantae,Streptophyta,Magnoliopsida,Myrtales,Lythraceae,Punica,Eukaryota;Viridiplantae;Streptophyta;Magnoliopsida;Myrtales;Lythraceae;Punica;Punica granatum
Rhodamnia argentea,5,5,Eukaryota,Viridiplantae,Streptophyta,Magnoliopsida,Myrtales,Myrtaceae,Rhodamnia,Eukaryota;Viridiplantae;Streptophyta;Magnoliopsida;Myrtales;Myrtaceae;Rhodamnia;Rhodamnia argentea
Oryza brachyantha,5,5,Eukaryota,Viridiplantae,Streptophyta,Magnoliopsida,Poales,Poaceae,Oryza,Eukaryota;Viridiplantae;Streptophyta;Magnoliopsida;Poales;Poaceae;Oryza;Oryza brachyantha
Wanchaivirus mEp234,5,5,Viruses,Heunggongvirae,Uroviricota,Caudoviricetes,Caudoviricetes_Incertae_sedis,Caudoviricetes_Incertae_sedis_Incertae_sedis,Wanchaivirus,Viruses;Heunggongvirae;Uroviricota;Caudoviricetes;Caudoviricetes_Incertae_sedis;Caudoviricetes_Incertae_sedis_Incertae_sedis;Wanchaivirus;Wanchaivirus mEp234
Pseudomonas chlororaphis,4,4,Bacteria,Bacteria_none,Pseudomonadota,Gammaproteobacteria,Pseudomonadales,Pseudomonadaceae,Pseudomonas,Bacteria;Bacteria_none;Pseudomonadota;Gammaproteobacteria;Pseudomonadales;Pseudomonadaceae;Pseudomonas;Pseudomonas chlororaphis
Glycine soja,4,4,Eukaryota,Viridiplantae,Streptophyta,Magnoliopsida,Fabales,Fabaceae,Glycine,Eukaryota;Viridiplantae;Streptophyta;Magnoliopsida;Fabales;Fabaceae;Glycine;Glycine soja
Mercurialis annua,4,4,Eukaryota,Viridiplantae,Streptophyta,Magnoliopsida,Malpighiales,Euphorbiaceae,Mercurialis,Eukaryota;Viridiplantae;Streptophyta;Magnoliopsida;Malpighiales;Euphorbiaceae;Mercurialis;Mercurialis annua
Theobroma cacao,4,4,Eukaryota,Viridiplantae,Streptophyta,Magnoliopsida,Malvales,Malvaceae,Theobroma,Eukaryota;Viridiplantae;Streptophyta;Magnoliopsida;Malvales;Malvaceae;Theobroma;Theobroma cacao
Eucalyptus grandis,4,4,Eukaryota,Viridiplantae,Streptophyta,Magnoliopsida,Myrtales,Myrtaceae,Eucalyptus,Eukaryota;Viridiplantae;Streptophyta;Magnoliopsida;Myrtales;Myrtaceae;Eucalyptus;Eucalyptus grandis
Nymphaea colorata,4,4,Eukaryota,Viridiplantae,Streptophyta,Magnoliopsida,Nymphaeales,Nymphaeaceae,Nymphaea,Eukaryota;Viridiplantae;Streptophyta;Magnoliopsida;Nymphaeales;Nymphaeaceae;Nymphaea;Nymphaea colorata
Panicum virgatum,4,4,Eukaryota,Viridiplantae,Streptophyta,Magnoliopsida,Poales,Poaceae,Panicum,Eukaryota;Viridiplantae;Streptophyta;Magnoliopsida;Poales;Poaceae;Panicum;Panicum virgatum
Setaria viridis,4,4,Eukaryota,Viridiplantae,Streptophyta,Magnoliopsida,Poales,Poaceae,Setaria,Eukaryota;Viridiplantae;Streptophyta;Magnoliopsida;Poales;Poaceae;Setaria;Setaria viridis
Fragaria vesca,4,4,Eukaryota,Viridiplantae,Streptophyta,Magnoliopsida,Rosales,Rosaceae,Fragaria,Eukaryota;Viridiplantae;Streptophyta;Magnoliopsida;Rosales;Rosaceae;Fragaria;Fragaria vesca
Prunus dulcis,4,4,Eukaryota,Viridiplantae,Streptophyta,Magnoliopsida,Rosales,Rosaceae,Prunus,Eukaryota;Viridiplantae;Streptophyta;Magnoliopsida;Rosales;Rosaceae;Prunus;Prunus dulcis
Prunus persica,4,4,Eukaryota,Viridiplantae,Streptophyta,Magnoliopsida,Rosales,Rosaceae,Prunus,Eukaryota;Viridiplantae;Streptophyta;Magnoliopsida;Rosales;Rosaceae;Prunus;Prunus persica
Musa acuminata,4,4,Eukaryota,Viridiplantae,Streptophyta,Magnoliopsida,Zingiberales,Musaceae,Musa,Eukaryota;Viridiplantae;Streptophyta;Magnoliopsida;Zingiberales;Musaceae;Musa;Musa acuminata
Murine leukemia virus,4,4,Viruses,Pararnavirae,Artverviricota,Revtraviricetes,Ortervirales,Retroviridae,Gammaretrovirus,Viruses;Pararnavirae;Artverviricota;Revtraviricetes;Ortervirales;Retroviridae;Gammaretrovirus;Murine leukemia virus
Flavobacterium crocinum,3,3,Bacteria,Bacteria_none,Bacteroidota,Flavobacteriia,Flavobacteriales,Flavobacteriaceae,Flavobacterium,Bacteria;Bacteria_none;Bacteroidota;Flavobacteriia;Flavobacteriales;Flavobacteriaceae;Flavobacterium;Flavobacterium crocinum
Mesomycoplasma dispar,3,3,Bacteria,Bacteria_none,Mycoplasmatota,Mollicutes,Mycoplasmatales,Mycoplasmataceae,Mesomycoplasma,Bacteria;Bacteria_none;Mycoplasmatota;Mollicutes;Mycoplasmatales;Mycoplasmataceae;Mesomycoplasma;Mesomycoplasma dispar
Mycoplasmopsis agalactiae,3,3,Bacteria,Bacteria_none,Mycoplasmatota,Mollicutes,Mycoplasmatales,Mycoplasmataceae,Mycoplasmopsis,Bacteria;Bacteria_none;Mycoplasmatota;Mollicutes;Mycoplasmatales;Mycoplasmataceae;Mycoplasmopsis;Mycoplasmopsis agalactiae
Escherichia fergusonii,3,3,Bacteria,Bacteria_none,Pseudomonadota,Gammaproteobacteria,Enterobacterales,Enterobacteriaceae,Escherichia,Bacteria;Bacteria_none;Pseudomonadota;Gammaproteobacteria;Enterobacterales;Enterobacteriaceae;Escherichia;Escherichia fergusonii
Morganella morganii,3,3,Bacteria,Bacteria_none,Pseudomonadota,Gammaproteobacteria,Enterobacterales,Morganellaceae,Morganella,Bacteria;Bacteria_none;Pseudomonadota;Gammaproteobacteria;Enterobacterales;Morganellaceae;Morganella;Morganella morganii
Vibrio parahaemolyticus,3,3,Bacteria,Bacteria_none,Pseudomonadota,Gammaproteobacteria,Vibrionales,Vibrionaceae,Vibrio,Bacteria;Bacteria_none;Pseudomonadota;Gammaproteobacteria;Vibrionales;Vibrionaceae;Vibrio;Vibrio parahaemolyticus
Ustilaginoidea virens,3,3,Eukaryota,Fungi,Ascomycota,Sordariomycetes,Hypocreales,Clavicipitaceae,Ustilaginoidea,Eukaryota;Fungi;Ascomycota;Sordariomycetes;Hypocreales;Clavicipitaceae;Ustilaginoidea;Ustilaginoidea virens
Daucus carota,3,3,Eukaryota,Viridiplantae,Streptophyta,Magnoliopsida,Apiales,Apiaceae,Daucus,Eukaryota;Viridiplantae;Streptophyta;Magnoliopsida;Apiales;Apiaceae;Daucus;Daucus carota
Cucumis sativus,3,3,Eukaryota,Viridiplantae,Streptophyta,Magnoliopsida,Cucurbitales,Cucurbitaceae,Cucumis,Eukaryota;Viridiplantae;Streptophyta;Magnoliopsida;Cucurbitales;Cucurbitaceae;Cucumis;Cucumis sativus
Arachis duranensis,3,3,Eukaryota,Viridiplantae,Streptophyta,Magnoliopsida,Fabales,Fabaceae,Arachis,Eukaryota;Viridiplantae;Streptophyta;Magnoliopsida;Fabales;Fabaceae;Arachis;Arachis duranensis
Coffea arabica,3,3,Eukaryota,Viridiplantae,Streptophyta,Magnoliopsida,Gentianales,Rubiaceae,Coffea,Eukaryota;Viridiplantae;Streptophyta;Magnoliopsida;Gentianales;Rubiaceae;Coffea;Coffea arabica
Panicum hallii,3,3,Eukaryota,Viridiplantae,Streptophyta,Magnoliopsida,Poales,Poaceae,Panicum,Eukaryota;Viridiplantae;Streptophyta;Magnoliopsida;Poales;Poaceae;Panicum;Panicum hallii
Zea mays,3,3,Eukaryota,Viridiplantae,Streptophyta,Magnoliopsida,Poales,Poaceae,Zea,Eukaryota;Viridiplantae;Streptophyta;Magnoliopsida;Poales;Poaceae;Zea;Zea mays
Malus domestica,3,3,Eukaryota,Viridiplantae,Streptophyta,Magnoliopsida,Rosales,Rosaceae,Malus,Eukaryota;Viridiplantae;Streptophyta;Magnoliopsida;Rosales;Rosaceae;Malus;Malus domestica
Citrus sinensis,3,3,Eukaryota,Viridiplantae,Streptophyta,Magnoliopsida,Sapindales,Rutaceae,Citrus,Eukaryota;Viridiplantae;Streptophyta;Magnoliopsida;Sapindales;Rutaceae;Citrus;Citrus sinensis
Streptomyces phaeolivaceus,2,2,Bacteria,Bacteria_none,Actinomycetota,Actinomycetes,Kitasatosporales,Streptomycetaceae,Streptomyces,Bacteria;Bacteria_none;Actinomycetota;Actinomycetes;Kitasatosporales;Streptomycetaceae;Streptomyces;Streptomyces phaeolivaceus
Streptomyces sp. HUAS 15-9,2,2,Bacteria,Bacteria_none,Actinomycetota,Actinomycetes,Kitasatosporales,Streptomycetaceae,Streptomyces,Bacteria;Bacteria_none;Actinomycetota;Actinomycetes;Kitasatosporales;Streptomycetaceae;Streptomyces;Streptomyces sp. HUAS 15-9
Streptomyces venezuelae,2,2,Bacteria,Bacteria_none,Actinomycetota,Actinomycetes,Kitasatosporales,Streptomycetaceae,Streptomyces,Bacteria;Bacteria_none;Actinomycetota;Actinomycetes;Kitasatosporales;Streptomycetaceae;Streptomyces;Streptomyces venezuelae
Arthrobacter woluwensis,2,2,Bacteria,Bacteria_none,Actinomycetota,Actinomycetes,Micrococcales,Micrococcaceae,Arthrobacter,Bacteria;Bacteria_none;Actinomycetota;Actinomycetes;Micrococcales;Micrococcaceae;Arthrobacter;Arthrobacter woluwensis
Paenibacillus konkukensis,2,2,Bacteria,Bacteria_none,Bacillota,Bacilli,Bacillales,Paenibacillaceae,Paenibacillus,Bacteria;Bacteria_none;Bacillota;Bacilli;Bacillales;Paenibacillaceae;Paenibacillus;Paenibacillus konkukensis
Clostridium baratii,2,2,Bacteria,Bacteria_none,Bacillota,Clostridia,Eubacteriales,Clostridiaceae,Clostridium,Bacteria;Bacteria_none;Bacillota;Clostridia;Eubacteriales;Clostridiaceae;Clostridium;Clostridium baratii
Clostridium beijerinckii,2,2,Bacteria,Bacteria_none,Bacillota,Clostridia,Eubacteriales,Clostridiaceae,Clostridium,Bacteria;Bacteria_none;Bacillota;Clostridia;Eubacteriales;Clostridiaceae;Clostridium;Clostridium beijerinckii
Clostridium tetani,2,2,Bacteria,Bacteria_none,Bacillota,Clostridia,Eubacteriales,Clostridiaceae,Clostridium,Bacteria;Bacteria_none;Bacillota;Clostridia;Eubacteriales;Clostridiaceae;Clostridium;Clostridium tetani
Heliorestis convoluta,2,2,Bacteria,Bacteria_none,Bacillota,Clostridia,Eubacteriales,Heliobacteriaceae,Heliorestis,Bacteria;Bacteria_none;Bacillota;Clostridia;Eubacteriales;Heliobacteriaceae;Heliorestis;Heliorestis convoluta
Desulfofarcimen acetoxidans,2,2,Bacteria,Bacteria_none,Bacillota,Clostridia,Eubacteriales,Peptococcaceae,Desulfofarcimen,Bacteria;Bacteria_none;Bacillota;Clostridia;Eubacteriales;Peptococcaceae;Desulfofarcimen;Desulfofarcimen acetoxidans
Stanieria sp. NIES-3757,2,2,Bacteria,Bacteria_none,Cyanobacteriota,Cyanophyceae,Pleurocapsales,Dermocarpellaceae,Stanieria,Bacteria;Bacteria_none;Cyanobacteriota;Cyanophyceae;Pleurocapsales;Dermocarpellaceae;Stanieria;Stanieria sp. NIES-3757
Pseudanabaena sp. Chao 1811,2,2,Bacteria,Bacteria_none,Cyanobacteriota,Cyanophyceae,Pseudanabaenales,Pseudanabaenaceae,Pseudanabaena,Bacteria;Bacteria_none;Cyanobacteriota;Cyanophyceae;Pseudanabaenales;Pseudanabaenaceae;Pseudanabaena;Pseudanabaena sp. Chao 1811
Delftia acidovorans,2,2,Bacteria,Bacteria_none,Pseudomonadota,Betaproteobacteria,Burkholderiales,Comamonadaceae,Delftia,Bacteria;Bacteria_none;Pseudomonadota;Betaproteobacteria;Burkholderiales;Comamonadaceae;Delftia;Delftia acidovorans
Pectobacterium versatile,2,2,Bacteria,Bacteria_none,Pseudomonadota,Gammaproteobacteria,Enterobacterales,Pectobacteriaceae,Pectobacterium,Bacteria;Bacteria_none;Pseudomonadota;Gammaproteobacteria;Enterobacterales;Pectobacteriaceae;Pectobacterium;Pectobacterium versatile
Candidatus Enterovibrio escacola,2,2,Bacteria,Bacteria_none,Pseudomonadota,Gammaproteobacteria,Vibrionales,Vibrionaceae,Enterovibrio,Bacteria;Bacteria_none;Pseudomonadota;Gammaproteobacteria;Vibrionales;Vibrionaceae;Enterovibrio;Candidatus Enterovibrio escacola
Leptospira weilii,2,2,Bacteria,Bacteria_none,Spirochaetota,Spirochaetia,Leptospirales,Leptospiraceae,Leptospira,Bacteria;Bacteria_none;Spirochaetota;Spirochaetia;Leptospirales;Leptospiraceae;Leptospira;Leptospira weilii
Borreliella garinii,2,2,Bacteria,Bacteria_none,Spirochaetota,Spirochaetia,Spirochaetales,Borreliaceae,Borreliella,Bacteria;Bacteria_none;Spirochaetota;Spirochaetia;Spirochaetales;Borreliaceae;Borreliella;Borreliella garinii
Sphaerochaeta associata,2,2,Bacteria,Bacteria_none,Spirochaetota,Spirochaetia,Spirochaetales,Sphaerochaetaceae,Sphaerochaeta,Bacteria;Bacteria_none;Spirochaetota;Spirochaetia;Spirochaetales;Sphaerochaetaceae;Sphaerochaeta;Sphaerochaeta associata
Plasmodium malariae,2,2,Eukaryota,Eukaryota_Incertae_sedis,Apicomplexa,Aconoidasida,Haemosporida,Plasmodiidae,Plasmodium,Eukaryota;Eukaryota_Incertae_sedis;Apicomplexa;Aconoidasida;Haemosporida;Plasmodiidae;Plasmodium;Plasmodium malariae
Leishmania donovani,2,2,Eukaryota,Eukaryota_Incertae_sedis,Euglenozoa,Kinetoplastea,Trypanosomatida,Trypanosomatidae,Leishmania,Eukaryota;Eukaryota_Incertae_sedis;Euglenozoa;Kinetoplastea;Trypanosomatida;Trypanosomatidae;Leishmania;Leishmania donovani
Trichomonas vaginalis,2,2,Eukaryota,Eukaryota_Incertae_sedis,Parabasalia,Parabasalia_Incertae_sedis,Trichomonadida,Trichomonadidae,Trichomonas,Eukaryota;Eukaryota_Incertae_sedis;Parabasalia;Parabasalia_Incertae_sedis;Trichomonadida;Trichomonadidae;Trichomonas;Trichomonas vaginalis
Aspergillus luchuensis,2,2,Eukaryota,Fungi,Ascomycota,Eurotiomycetes,Eurotiales,Aspergillaceae,Aspergillus,Eukaryota;Fungi;Ascomycota;Eurotiomycetes;Eurotiales;Aspergillaceae;Aspergillus;Aspergillus luchuensis
Chlamydomonas reinhardtii,2,2,Eukaryota,Viridiplantae,Chlorophyta,Chlorophyceae,Chlamydomonadales,Chlamydomonadaceae,Chlamydomonas,Eukaryota;Viridiplantae;Chlorophyta;Chlorophyceae;Chlamydomonadales;Chlamydomonadaceae;Chlamydomonas;Chlamydomonas reinhardtii
Trifolium pratense,2,2,Eukaryota,Viridiplantae,Streptophyta,Magnoliopsida,Fabales,Fabaceae,Trifolium,Eukaryota;Viridiplantae;Streptophyta;Magnoliopsida;Fabales;Fabaceae;Trifolium;Trifolium pratense
Vigna angularis,2,2,Eukaryota,Viridiplantae,Streptophyta,Magnoliopsida,Fabales,Fabaceae,Vigna,Eukaryota;Viridiplantae;Streptophyta;Magnoliopsida;Fabales;Fabaceae;Vigna;Vigna angularis
Populus trichocarpa,2,2,Eukaryota,Viridiplantae,Streptophyta,Magnoliopsida,Malpighiales,Salicaceae,Populus,Eukaryota;Viridiplantae;Streptophyta;Magnoliopsida;Malpighiales;Salicaceae;Populus;Populus trichocarpa
Brachypodium distachyon,2,2,Eukaryota,Viridiplantae,Streptophyta,Magnoliopsida,Poales,Poaceae,Brachypodium,Eukaryota;Viridiplantae;Streptophyta;Magnoliopsida;Poales;Poaceae;Brachypodium;Brachypodium distachyon
Potentilla anserina,2,2,Eukaryota,Viridiplantae,Streptophyta,Magnoliopsida,Rosales,Rosaceae,Potentilla,Eukaryota;Viridiplantae;Streptophyta;Magnoliopsida;Rosales;Rosaceae;Potentilla;Potentilla anserina
Byrnievirus HK97,2,2,Viruses,Heunggongvirae,Uroviricota,Caudoviricetes,Caudoviricetes_Incertae_sedis,Caudoviricetes_Incertae_sedis_Incertae_sedis,Byrnievirus,Viruses;Heunggongvirae;Uroviricota;Caudoviricetes;Caudoviricetes_Incertae_sedis;Caudoviricetes_Incertae_sedis_Incertae_sedis;Byrnievirus;Byrnievirus HK97
Mouse mammary tumor virus,2,2,Viruses,Pararnavirae,Artverviricota,Revtraviricetes,Ortervirales,Retroviridae,Betaretrovirus,Viruses;Pararnavirae;Artverviricota;Revtraviricetes;Ortervirales;Retroviridae;Betaretrovirus;Mouse mammary tumor virus
Spleen focus-forming virus,2,2,Viruses,Pararnavirae,Artverviricota,Revtraviricetes,Ortervirales,Retroviridae,Gammaretrovirus,Viruses;Pararnavirae;Artverviricota;Revtraviricetes;Ortervirales;Retroviridae;Gammaretrovirus;Spleen focus-forming virus
Hyperthermus butylicus,1,1,Archaea,Archaea_none,Crenarchaeota,Thermoprotei,Desulfurococcales,Pyrodictiaceae,Hyperthermus,Archaea;Archaea_none;Crenarchaeota;Thermoprotei;Desulfurococcales;Pyrodictiaceae;Hyperthermus;Hyperthermus butylicus
Halorubrum sp. 2020YC2,1,1,Archaea,Archaea_none,Euryarchaeota,Halobacteria,Haloferacales,Halorubraceae,Halorubrum,Archaea;Archaea_none;Euryarchaeota;Halobacteria;Haloferacales;Halorubraceae;Halorubrum;Halorubrum sp. 2020YC2
Halorubrum trapanicum,1,1,Archaea,Archaea_none,Euryarchaeota,Halobacteria,Haloferacales,Halorubraceae,Halorubrum,Archaea;Archaea_none;Euryarchaeota;Halobacteria;Haloferacales;Halorubraceae;Halorubrum;Halorubrum trapanicum
Methanosarcina vacuolata,1,1,Archaea,Archaea_none,Euryarchaeota,Methanomicrobia,Methanosarcinales,Methanosarcinaceae,Methanosarcina,Archaea;Archaea_none;Euryarchaeota;Methanomicrobia;Methanosarcinales;Methanosarcinaceae;Methanosarcina;Methanosarcina vacuolata
Pyrococcus abyssi,1,1,Archaea,Archaea_none,Euryarchaeota,Thermococci,Thermococcales,Thermococcaceae,Pyrococcus,Archaea;Archaea_none;Euryarchaeota;Thermococci;Thermococcales;Thermococcaceae;Pyrococcus;Pyrococcus abyssi
Schaalia odontolytica,1,1,Bacteria,Bacteria_none,Actinomycetota,Actinomycetes,Actinomycetales,Actinomycetaceae,Schaalia,Bacteria;Bacteria_none;Actinomycetota;Actinomycetes;Actinomycetales;Actinomycetaceae;Schaalia;Schaalia odontolytica
Varibaculum prostatecancerukia,1,1,Bacteria,Bacteria_none,Actinomycetota,Actinomycetes,Actinomycetales,Actinomycetaceae,Varibaculum,Bacteria;Bacteria_none;Actinomycetota;Actinomycetes;Actinomycetales;Actinomycetaceae;Varibaculum;Varibaculum prostatecancerukia
Jiangella alkaliphila,1,1,Bacteria,Bacteria_none,Actinomycetota,Actinomycetes,Jiangellales,Jiangellaceae,Jiangella,Bacteria;Bacteria_none;Actinomycetota;Actinomycetes;Jiangellales;Jiangellaceae;Jiangella;Jiangella alkaliphila
Aurantimicrobium photophilum,1,1,Bacteria,Bacteria_none,Actinomycetota,Actinomycetes,Micrococcales,Microbacteriaceae,Aurantimicrobium,Bacteria;Bacteria_none;Actinomycetota;Actinomycetes;Micrococcales;Microbacteriaceae;Aurantimicrobium;Aurantimicrobium photophilum
Leifsonia sp. 21MFCrub1.1,1,1,Bacteria,Bacteria_none,Actinomycetota,Actinomycetes,Micrococcales,Microbacteriaceae,Leifsonia,Bacteria;Bacteria_none;Actinomycetota;Actinomycetes;Micrococcales;Microbacteriaceae;Leifsonia;Leifsonia sp. 21MFCrub1.1
Microbacterium sediminis,1,1,Bacteria,Bacteria_none,Actinomycetota,Actinomycetes,Micrococcales,Microbacteriaceae,Microbacterium,Bacteria;Bacteria_none;Actinomycetota;Actinomycetes;Micrococcales;Microbacteriaceae;Microbacterium;Microbacterium sediminis
Microterricola viridarii,1,1,Bacteria,Bacteria_none,Actinomycetota,Actinomycetes,Micrococcales,Microbacteriaceae,Microterricola,Bacteria;Bacteria_none;Actinomycetota;Actinomycetes;Micrococcales;Microbacteriaceae;Microterricola;Microterricola viridarii
Kocuria sp. TGY1127_2,1,1,Bacteria,Bacteria_none,Actinomycetota,Actinomycetes,Micrococcales,Micrococcaceae,Kocuria,Bacteria;Bacteria_none;Actinomycetota;Actinomycetes;Micrococcales;Micrococcaceae;Kocuria;Kocuria sp. TGY1127_2
Renibacterium salmoninarum,1,1,Bacteria,Bacteria_none,Actinomycetota,Actinomycetes,Micrococcales,Micrococcaceae,Renibacterium,Bacteria;Bacteria_none;Actinomycetota;Actinomycetes;Micrococcales;Micrococcaceae;Renibacterium;Renibacterium salmoninarum
Tropheryma whipplei,1,1,Bacteria,Bacteria_none,Actinomycetota,Actinomycetes,Micrococcales,Tropherymataceae,Tropheryma,Bacteria;Bacteria_none;Actinomycetota;Actinomycetes;Micrococcales;Tropherymataceae;Tropheryma;Tropheryma whipplei
Dactylosporangium aurantiacum,1,1,Bacteria,Bacteria_none,Actinomycetota,Actinomycetes,Micromonosporales,Micromonosporaceae,Dactylosporangium,Bacteria;Bacteria_none;Actinomycetota;Actinomycetes;Micromonosporales;Micromonosporaceae;Dactylosporangium;Dactylosporangium aurantiacum
Dactylosporangium fulvum,1,1,Bacteria,Bacteria_none,Actinomycetota,Actinomycetes,Micromonosporales,Micromonosporaceae,Dactylosporangium,Bacteria;Bacteria_none;Actinomycetota;Actinomycetes;Micromonosporales;Micromonosporaceae;Dactylosporangium;Dactylosporangium fulvum
Corynebacterium efficiens,1,1,Bacteria,Bacteria_none,Actinomycetota,Actinomycetes,Mycobacteriales,Corynebacteriaceae,Corynebacterium,Bacteria;Bacteria_none;Actinomycetota;Actinomycetes;Mycobacteriales;Corynebacteriaceae;Corynebacterium;Corynebacterium efficiens
Corynebacterium stationis,1,1,Bacteria,Bacteria_none,Actinomycetota,Actinomycetes,Mycobacteriales,Corynebacteriaceae,Corynebacterium,Bacteria;Bacteria_none;Actinomycetota;Actinomycetes;Mycobacteriales;Corynebacteriaceae;Corynebacterium;Corynebacterium stationis
Mycobacterium intracellulare,1,1,Bacteria,Bacteria_none,Actinomycetota,Actinomycetes,Mycobacteriales,Mycobacteriaceae,Mycobacterium,Bacteria;Bacteria_none;Actinomycetota;Actinomycetes;Mycobacteriales;Mycobacteriaceae;Mycobacterium;Mycobacterium intracellulare
Mycobacterium paraterrae,1,1,Bacteria,Bacteria_none,Actinomycetota,Actinomycetes,Mycobacteriales,Mycobacteriaceae,Mycobacterium,Bacteria;Bacteria_none;Actinomycetota;Actinomycetes;Mycobacteriales;Mycobacteriaceae;Mycobacterium;Mycobacterium paraterrae
Mycolicibacterium vaccae,1,1,Bacteria,Bacteria_none,Actinomycetota,Actinomycetes,Mycobacteriales,Mycobacteriaceae,Mycolicibacterium,Bacteria;Bacteria_none;Actinomycetota;Actinomycetes;Mycobacteriales;Mycobacteriaceae;Mycolicibacterium;Mycolicibacterium vaccae
Nocardia brasiliensis,1,1,Bacteria,Bacteria_none,Actinomycetota,Actinomycetes,Mycobacteriales,Nocardiaceae,Nocardia,Bacteria;Bacteria_none;Actinomycetota;Actinomycetes;Mycobacteriales;Nocardiaceae;Nocardia;Nocardia brasiliensis
Marmoricola scoriae,1,1,Bacteria,Bacteria_none,Actinomycetota,Actinomycetes,Propionibacteriales,Nocardioidaceae,Marmoricola,Bacteria;Bacteria_none;Actinomycetota;Actinomycetes;Propionibacteriales;Nocardioidaceae;Marmoricola;Marmoricola scoriae
Arachnia propionica,1,1,Bacteria,Bacteria_none,Actinomycetota,Actinomycetes,Propionibacteriales,Propionibacteriaceae,Arachnia,Bacteria;Bacteria_none;Actinomycetota;Actinomycetes;Propionibacteriales;Propionibacteriaceae;Arachnia;Arachnia propionica
Cutibacterium acnes,1,1,Bacteria,Bacteria_none,Actinomycetota,Actinomycetes,Propionibacteriales,Propionibacteriaceae,Cutibacterium,Bacteria;Bacteria_none;Actinomycetota;Actinomycetes;Propionibacteriales;Propionibacteriaceae;Cutibacterium;Cutibacterium acnes
Nocardiopsis sp. HDS12,1,1,Bacteria,Bacteria_none,Actinomycetota,Actinomycetes,Streptosporangiales,Nocardiopsaceae,Nocardiopsis,Bacteria;Bacteria_none;Actinomycetota;Actinomycetes;Streptosporangiales;Nocardiopsaceae;Nocardiopsis;Nocardiopsis sp. HDS12
Atribacter laminatus,1,1,Bacteria,Bacteria_none,Atribacterota,Atribacteria,Atribacterales,Atribacteraceae,Atribacter,Bacteria;Bacteria_none;Atribacterota;Atribacteria;Atribacterales;Atribacteraceae;Atribacter;Atribacter laminatus
Bacillus albus,1,1,Bacteria,Bacteria_none,Bacillota,Bacilli,Bacillales,Bacillaceae,Bacillus,Bacteria;Bacteria_none;Bacillota;Bacilli;Bacillales;Bacillaceae;Bacillus;Bacillus albus
Bacillus licheniformis,1,1,Bacteria,Bacteria_none,Bacillota,Bacilli,Bacillales,Bacillaceae,Bacillus,Bacteria;Bacteria_none;Bacillota;Bacilli;Bacillales;Bacillaceae;Bacillus;Bacillus licheniformis
Bacillus pumilus,1,1,Bacteria,Bacteria_none,Bacillota,Bacilli,Bacillales,Bacillaceae,Bacillus,Bacteria;Bacteria_none;Bacillota;Bacilli;Bacillales;Bacillaceae;Bacillus;Bacillus pumilus
Evansella sp. LMS18,1,1,Bacteria,Bacteria_none,Bacillota,Bacilli,Bacillales,Bacillaceae,Evansella,Bacteria;Bacteria_none;Bacillota;Bacilli;Bacillales;Bacillaceae;Evansella;Evansella sp. LMS18
Mangrovibacillus cuniculi,1,1,Bacteria,Bacteria_none,Bacillota,Bacilli,Bacillales,Bacillaceae,Mangrovibacillus,Bacteria;Bacteria_none;Bacillota;Bacilli;Bacillales;Bacillaceae;Mangrovibacillus;Mangrovibacillus cuniculi
Neobacillus sp. Marseille-Q6967,1,1,Bacteria,Bacteria_none,Bacillota,Bacilli,Bacillales,Bacillaceae,Neobacillus,Bacteria;Bacteria_none;Bacillota;Bacilli;Bacillales;Bacillaceae;Neobacillus;Neobacillus sp. Marseille-Q6967
Peribacillus muralis,1,1,Bacteria,Bacteria_none,Bacillota,Bacilli,Bacillales,Bacillaceae,Peribacillus,Bacteria;Bacteria_none;Bacillota;Bacilli;Bacillales;Bacillaceae;Peribacillus;Peribacillus muralis
Priestia megaterium,1,1,Bacteria,Bacteria_none,Bacillota,Bacilli,Bacillales,Bacillaceae,Priestia,Bacteria;Bacteria_none;Bacillota;Bacilli;Bacillales;Bacillaceae;Priestia;Priestia megaterium
Rossellomorea marisflavi,1,1,Bacteria,Bacteria_none,Bacillota,Bacilli,Bacillales,Bacillaceae,Rossellomorea,Bacteria;Bacteria_none;Bacillota;Bacilli;Bacillales;Bacillaceae;Rossellomorea;Rossellomorea marisflavi
Exiguobacterium sp. N4-1P,1,1,Bacteria,Bacteria_none,Bacillota,Bacilli,Bacillales,Bacillales_Incertae_sedis,Exiguobacterium,Bacteria;Bacteria_none;Bacillota;Bacilli;Bacillales;Bacillales_Incertae_sedis;Exiguobacterium;Exiguobacterium sp. N4-1P
Aneurinibacillus sp. Ricciae_BoGa-3,1,1,Bacteria,Bacteria_none,Bacillota,Bacilli,Bacillales,Paenibacillaceae,Aneurinibacillus,Bacteria;Bacteria_none;Bacillota;Bacilli;Bacillales;Paenibacillaceae;Aneurinibacillus;Aneurinibacillus sp. Ricciae_BoGa-3
Brevibacillus composti,1,1,Bacteria,Bacteria_none,Bacillota,Bacilli,Bacillales,Paenibacillaceae,Brevibacillus,Bacteria;Bacteria_none;Bacillota;Bacilli;Bacillales;Paenibacillaceae;Brevibacillus;Brevibacillus composti
Paenibacillus lautus,1,1,Bacteria,Bacteria_none,Bacillota,Bacilli,Bacillales,Paenibacillaceae,Paenibacillus,Bacteria;Bacteria_none;Bacillota;Bacilli;Bacillales;Paenibacillaceae;Paenibacillus;Paenibacillus lautus
Paenibacillus sp. FSL H7-0737,1,1,Bacteria,Bacteria_none,Bacillota,Bacilli,Bacillales,Paenibacillaceae,Paenibacillus,Bacteria;Bacteria_none;Bacillota;Bacilli;Bacillales;Paenibacillaceae;Paenibacillus;Paenibacillus sp. FSL H7-0737
Paenibacillus sp. FSL R5-0912,1,1,Bacteria,Bacteria_none,Bacillota,Bacilli,Bacillales,Paenibacillaceae,Paenibacillus,Bacteria;Bacteria_none;Bacillota;Bacilli;Bacillales;Paenibacillaceae;Paenibacillus;Paenibacillus sp. FSL R5-0912
Paenibacillus sp. SYP-B4298,1,1,Bacteria,Bacteria_none,Bacillota,Bacilli,Bacillales,Paenibacillaceae,Paenibacillus,Bacteria;Bacteria_none;Bacillota;Bacilli;Bacillales;Paenibacillaceae;Paenibacillus;Paenibacillus sp. SYP-B4298
Sporosarcina psychrophila,1,1,Bacteria,Bacteria_none,Bacillota,Bacilli,Bacillales,Planococcaceae,Sporosarcina,Bacteria;Bacteria_none;Bacillota;Bacilli;Bacillales;Planococcaceae;Sporosarcina;Sporosarcina psychrophila
Macrococcus armenti,1,1,Bacteria,Bacteria_none,Bacillota,Bacilli,Bacillales,Staphylococcaceae,Macrococcus,Bacteria;Bacteria_none;Bacillota;Bacilli;Bacillales;Staphylococcaceae;Macrococcus;Macrococcus armenti
Staphylococcus epidermidis,1,1,Bacteria,Bacteria_none,Bacillota,Bacilli,Bacillales,Staphylococcaceae,Staphylococcus,Bacteria;Bacteria_none;Bacillota;Bacilli;Bacillales;Staphylococcaceae;Staphylococcus;Staphylococcus epidermidis
Staphylococcus kloosii,1,1,Bacteria,Bacteria_none,Bacillota,Bacilli,Bacillales,Staphylococcaceae,Staphylococcus,Bacteria;Bacteria_none;Bacillota;Bacilli;Bacillales;Staphylococcaceae;Staphylococcus;Staphylococcus kloosii
Staphylococcus sp. MI 10-1553,1,1,Bacteria,Bacteria_none,Bacillota,Bacilli,Bacillales,Staphylococcaceae,Staphylococcus,Bacteria;Bacteria_none;Bacillota;Bacilli;Bacillales;Staphylococcaceae;Staphylococcus;Staphylococcus sp. MI 10-1553
Enterococcus cecorum,1,1,Bacteria,Bacteria_none,Bacillota,Bacilli,Lactobacillales,Enterococcaceae,Enterococcus,Bacteria;Bacteria_none;Bacillota;Bacilli;Lactobacillales;Enterococcaceae;Enterococcus;Enterococcus cecorum
Lactiplantibacillus plantarum,1,1,Bacteria,Bacteria_none,Bacillota,Bacilli,Lactobacillales,Lactobacillaceae,Lactiplantibacillus,Bacteria;Bacteria_none;Bacillota;Bacilli;Lactobacillales;Lactobacillaceae;Lactiplantibacillus;Lactiplantibacillus plantarum
Lactobacillus crispatus,1,1,Bacteria,Bacteria_none,Bacillota,Bacilli,Lactobacillales,Lactobacillaceae,Lactobacillus,Bacteria;Bacteria_none;Bacillota;Bacilli;Lactobacillales;Lactobacillaceae;Lactobacillus;Lactobacillus crispatus
Lactobacillus gasseri,1,1,Bacteria,Bacteria_none,Bacillota,Bacilli,Lactobacillales,Lactobacillaceae,Lactobacillus,Bacteria;Bacteria_none;Bacillota;Bacilli;Lactobacillales;Lactobacillaceae;Lactobacillus;Lactobacillus gasseri
Lactobacillus helveticus,1,1,Bacteria,Bacteria_none,Bacillota,Bacilli,Lactobacillales,Lactobacillaceae,Lactobacillus,Bacteria;Bacteria_none;Bacillota;Bacilli;Lactobacillales;Lactobacillaceae;Lactobacillus;Lactobacillus helveticus
Paucilactobacillus oligofermentans,1,1,Bacteria,Bacteria_none,Bacillota,Bacilli,Lactobacillales,Lactobacillaceae,Paucilactobacillus,Bacteria;Bacteria_none;Bacillota;Bacilli;Lactobacillales;Lactobacillaceae;Paucilactobacillus;Paucilactobacillus oligofermentans
Lactococcus lactis,1,1,Bacteria,Bacteria_none,Bacillota,Bacilli,Lactobacillales,Streptococcaceae,Lactococcus,Bacteria;Bacteria_none;Bacillota;Bacilli;Lactobacillales;Streptococcaceae;Lactococcus;Lactococcus lactis
Streptococcus mutans,1,1,Bacteria,Bacteria_none,Bacillota,Bacilli,Lactobacillales,Streptococcaceae,Streptococcus,Bacteria;Bacteria_none;Bacillota;Bacilli;Lactobacillales;Streptococcaceae;Streptococcus;Streptococcus mutans
Clostridium pasteurianum,1,1,Bacteria,Bacteria_none,Bacillota,Clostridia,Eubacteriales,Clostridiaceae,Clostridium,Bacteria;Bacteria_none;Bacillota;Clostridia;Eubacteriales;Clostridiaceae;Clostridium;Clostridium pasteurianum
Clostridium perfringens,1,1,Bacteria,Bacteria_none,Bacillota,Clostridia,Eubacteriales,Clostridiaceae,Clostridium,Bacteria;Bacteria_none;Bacillota;Clostridia;Eubacteriales;Clostridiaceae;Clostridium;Clostridium perfringens
Crassaminicella thermophila,1,1,Bacteria,Bacteria_none,Bacillota,Clostridia,Eubacteriales,Clostridiaceae,Crassaminicella,Bacteria;Bacteria_none;Bacillota;Clostridia;Eubacteriales;Clostridiaceae;Crassaminicella;Crassaminicella thermophila
Acetobacterium woodii,1,1,Bacteria,Bacteria_none,Bacillota,Clostridia,Eubacteriales,Eubacteriaceae,Acetobacterium,Bacteria;Bacteria_none;Bacillota;Clostridia;Eubacteriales;Eubacteriaceae;Acetobacterium;Acetobacterium woodii
Anaerobutyricum hallii,1,1,Bacteria,Bacteria_none,Bacillota,Clostridia,Eubacteriales,Lachnospiraceae,Anaerobutyricum,Bacteria;Bacteria_none;Bacillota;Clostridia;Eubacteriales;Lachnospiraceae;Anaerobutyricum;Anaerobutyricum hallii
Blautia argi,1,1,Bacteria,Bacteria_none,Bacillota,Clostridia,Eubacteriales,Lachnospiraceae,Blautia,Bacteria;Bacteria_none;Bacillota;Clostridia;Eubacteriales;Lachnospiraceae;Blautia;Blautia argi
Roseburia intestinalis,1,1,Bacteria,Bacteria_none,Bacillota,Clostridia,Eubacteriales,Lachnospiraceae,Roseburia,Bacteria;Bacteria_none;Bacillota;Clostridia;Eubacteriales;Lachnospiraceae;Roseburia;Roseburia intestinalis
Dysosmobacter welbionis,1,1,Bacteria,Bacteria_none,Bacillota,Clostridia,Eubacteriales,Oscillospiraceae,Dysosmobacter,Bacteria;Bacteria_none;Bacillota;Clostridia;Eubacteriales;Oscillospiraceae;Dysosmobacter;Dysosmobacter welbionis
Pusillibacter faecalis,1,1,Bacteria,Bacteria_none,Bacillota,Clostridia,Eubacteriales,Oscillospiraceae,Pusillibacter,Bacteria;Bacteria_none;Bacillota;Clostridia;Eubacteriales;Oscillospiraceae;Pusillibacter;Pusillibacter faecalis
Ruminiclostridium herbifermentans,1,1,Bacteria,Bacteria_none,Bacillota,Clostridia,Eubacteriales,Oscillospiraceae,Ruminiclostridium,Bacteria;Bacteria_none;Bacillota;Clostridia;Eubacteriales;Oscillospiraceae;Ruminiclostridium;Ruminiclostridium herbifermentans
Thermoclostridium stercorarium,1,1,Bacteria,Bacteria_none,Bacillota,Clostridia,Eubacteriales,Oscillospiraceae,Thermoclostridium,Bacteria;Bacteria_none;Bacillota;Clostridia;Eubacteriales;Oscillospiraceae;Thermoclostridium;Thermoclostridium stercorarium
Alkalicella caledoniensis,1,1,Bacteria,Bacteria_none,Bacillota,Clostridia,Eubacteriales,Proteinivoraceae,Alkalicella,Bacteria;Bacteria_none;Bacillota;Clostridia;Eubacteriales;Proteinivoraceae;Alkalicella;Alkalicella caledoniensis
Vallitalea guaymasensis,1,1,Bacteria,Bacteria_none,Bacillota,Clostridia,Eubacteriales,Vallitaleaceae,Vallitalea,Bacteria;Bacteria_none;Bacillota;Clostridia;Eubacteriales;Vallitaleaceae;Vallitalea;Vallitalea guaymasensis
Turicibacter sp. TJ11,1,1,Bacteria,Bacteria_none,Bacillota,Erysipelotrichia,Erysipelotrichales,Turicibacteraceae,Turicibacter,Bacteria;Bacteria_none;Bacillota;Erysipelotrichia;Erysipelotrichales;Turicibacteraceae;Turicibacter;Turicibacter sp. TJ11
Veillonella rogosae,1,1,Bacteria,Bacteria_none,Bacillota,Negativicutes,Veillonellales,Veillonellaceae,Veillonella,Bacteria;Bacteria_none;Bacillota;Negativicutes;Veillonellales;Veillonellaceae;Veillonella;Veillonella rogosae
Finegoldia magna,1,1,Bacteria,Bacteria_none,Bacillota,Tissierellia,Tissierellales,Peptoniphilaceae,Finegoldia,Bacteria;Bacteria_none;Bacillota;Tissierellia;Tissierellales;Peptoniphilaceae;Finegoldia;Finegoldia magna
Peptoniphilus sp. SAHP1,1,1,Bacteria,Bacteria_none,Bacillota,Tissierellia,Tissierellales,Peptoniphilaceae,Peptoniphilus,Bacteria;Bacteria_none;Bacillota;Tissierellia;Tissierellales;Peptoniphilaceae;Peptoniphilus;Peptoniphilus sp. SAHP1
Ezakiella coagulans,1,1,Bacteria,Bacteria_none,Bacillota,Tissierellia,Tissierellia_Incertae_sedis,Tissierellia_Incertae_sedis_Incertae_sedis,Ezakiella,Bacteria;Bacteria_none;Bacillota;Tissierellia;Tissierellia_Incertae_sedis;Tissierellia_Incertae_sedis_Incertae_sedis;Ezakiella;Ezakiella coagulans
Prevotella melaninogenica,1,1,Bacteria,Bacteria_none,Bacteroidota,Bacteroidia,Bacteroidales,Prevotellaceae,Prevotella,Bacteria;Bacteria_none;Bacteroidota;Bacteroidia;Bacteroidales;Prevotellaceae;Prevotella;Prevotella melaninogenica
Prevotella ruminicola,1,1,Bacteria,Bacteria_none,Bacteroidota,Bacteroidia,Bacteroidales,Prevotellaceae,Prevotella,Bacteria;Bacteria_none;Bacteroidota;Bacteroidia;Bacteroidales;Prevotellaceae;Prevotella;Prevotella ruminicola
Prevotella sp. E2-28,1,1,Bacteria,Bacteria_none,Bacteroidota,Bacteroidia,Bacteroidales,Prevotellaceae,Prevotella,Bacteria;Bacteria_none;Bacteroidota;Bacteroidia;Bacteroidales;Prevotellaceae;Prevotella;Prevotella sp. E2-28
Parabacteroides distasonis,1,1,Bacteria,Bacteria_none,Bacteroidota,Bacteroidia,Bacteroidales,Tannerellaceae,Parabacteroides,Bacteria;Bacteria_none;Bacteroidota;Bacteroidia;Bacteroidales;Tannerellaceae;Parabacteroides;Parabacteroides distasonis
Tenuifilum thalassicum,1,1,Bacteria,Bacteria_none,Bacteroidota,Bacteroidia,Bacteroidales,Tenuifilaceae,Tenuifilum,Bacteria;Bacteria_none;Bacteroidota;Bacteroidia;Bacteroidales;Tenuifilaceae;Tenuifilum;Tenuifilum thalassicum
Rhodocaloribacter litoris,1,1,Bacteria,Bacteria_none,Bacteroidota,Bacteroidota_Incertae_sedis,Bacteroidota_Incertae_sedis_Incertae_sedis,Rhodothermaceae,Rhodocaloribacter,Bacteria;Bacteria_none;Bacteroidota;Bacteroidota_Incertae_sedis;Bacteroidota_Incertae_sedis_Incertae_sedis;Rhodothermaceae;Rhodocaloribacter;Rhodocaloribacter litoris
Arachidicoccus soli,1,1,Bacteria,Bacteria_none,Bacteroidota,Chitinophagia,Chitinophagales,Chitinophagaceae,Arachidicoccus,Bacteria;Bacteria_none;Bacteroidota;Chitinophagia;Chitinophagales;Chitinophagaceae;Arachidicoccus;Arachidicoccus soli
Candidatus Amoebophilus asiaticus,1,1,Bacteria,Bacteria_none,Bacteroidota,Cytophagia,Cytophagales,Amoebophilaceae,Candidatus Amoebophilus,Bacteria;Bacteria_none;Bacteroidota;Cytophagia;Cytophagales;Amoebophilaceae;Candidatus Amoebophilus;Candidatus Amoebophilus asiaticus
Flammeovirga yaeyamensis,1,1,Bacteria,Bacteria_none,Bacteroidota,Cytophagia,Cytophagales,Flammeovirgaceae,Flammeovirga,Bacteria;Bacteria_none;Bacteroidota;Cytophagia;Cytophagales;Flammeovirgaceae;Flammeovirga;Flammeovirga yaeyamensis
Fibrella sp. ES10-3-2-2,1,1,Bacteria,Bacteria_none,Bacteroidota,Cytophagia,Cytophagales,Spirosomaceae,Fibrella,Bacteria;Bacteria_none;Bacteroidota;Cytophagia;Cytophagales;Spirosomaceae;Fibrella;Fibrella sp. ES10-3-2-2
Arenibacter algicola,1,1,Bacteria,Bacteria_none,Bacteroidota,Flavobacteriia,Flavobacteriales,Flavobacteriaceae,Arenibacter,Bacteria;Bacteria_none;Bacteroidota;Flavobacteriia;Flavobacteriales;Flavobacteriaceae;Arenibacter;Arenibacter algicola
Cellulophaga lytica,1,1,Bacteria,Bacteria_none,Bacteroidota,Flavobacteriia,Flavobacteriales,Flavobacteriaceae,Cellulophaga,Bacteria;Bacteria_none;Bacteroidota;Flavobacteriia;Flavobacteriales;Flavobacteriaceae;Cellulophaga;Cellulophaga lytica
Cellulophaga sp. HaHaR_3_176,1,1,Bacteria,Bacteria_none,Bacteroidota,Flavobacteriia,Flavobacteriales,Flavobacteriaceae,Cellulophaga,Bacteria;Bacteria_none;Bacteroidota;Flavobacteriia;Flavobacteriales;Flavobacteriaceae;Cellulophaga;Cellulophaga sp. HaHaR_3_176
Flavobacterium alkalisoli,1,1,Bacteria,Bacteria_none,Bacteroidota,Flavobacteriia,Flavobacteriales,Flavobacteriaceae,Flavobacterium,Bacteria;Bacteria_none;Bacteroidota;Flavobacteriia;Flavobacteriales;Flavobacteriaceae;Flavobacterium;Flavobacterium alkalisoli
Flavobacterium sp. N502536,1,1,Bacteria,Bacteria_none,Bacteroidota,Flavobacteriia,Flavobacteriales,Flavobacteriaceae,Flavobacterium,Bacteria;Bacteria_none;Bacteroidota;Flavobacteriia;Flavobacteriales;Flavobacteriaceae;Flavobacterium;Flavobacterium sp. N502536
Gramella echinicola,1,1,Bacteria,Bacteria_none,Bacteroidota,Flavobacteriia,Flavobacteriales,Flavobacteriaceae,Gramella,Bacteria;Bacteria_none;Bacteroidota;Flavobacteriia;Flavobacteriales;Flavobacteriaceae;Gramella;Gramella echinicola
Maribacter hydrothermalis,1,1,Bacteria,Bacteria_none,Bacteroidota,Flavobacteriia,Flavobacteriales,Flavobacteriaceae,Maribacter,Bacteria;Bacteria_none;Bacteroidota;Flavobacteriia;Flavobacteriales;Flavobacteriaceae;Maribacter;Maribacter hydrothermalis
Polaribacter sp. Q13,1,1,Bacteria,Bacteria_none,Bacteroidota,Flavobacteriia,Flavobacteriales,Flavobacteriaceae,Polaribacter,Bacteria;Bacteria_none;Bacteroidota;Flavobacteriia;Flavobacteriales;Flavobacteriaceae;Polaribacter;Polaribacter sp. Q13
Tenacibaculum mesophilum,1,1,Bacteria,Bacteria_none,Bacteroidota,Flavobacteriia,Flavobacteriales,Flavobacteriaceae,Tenacibaculum,Bacteria;Bacteria_none;Bacteroidota;Flavobacteriia;Flavobacteriales;Flavobacteriaceae;Tenacibaculum;Tenacibaculum mesophilum
Zunongwangia sp. SCSIO 43204,1,1,Bacteria,Bacteria_none,Bacteroidota,Flavobacteriia,Flavobacteriales,Flavobacteriaceae,Zunongwangia,Bacteria;Bacteria_none;Bacteroidota;Flavobacteriia;Flavobacteriales;Flavobacteriaceae;Zunongwangia;Zunongwangia sp. SCSIO 43204
Chryseobacterium indologenes,1,1,Bacteria,Bacteria_none,Bacteroidota,Flavobacteriia,Flavobacteriales,Weeksellaceae,Chryseobacterium,Bacteria;Bacteria_none;Bacteroidota;Flavobacteriia;Flavobacteriales;Weeksellaceae;Chryseobacterium;Chryseobacterium indologenes
Chryseobacterium lactis,1,1,Bacteria,Bacteria_none,Bacteroidota,Flavobacteriia,Flavobacteriales,Weeksellaceae,Chryseobacterium,Bacteria;Bacteria_none;Bacteroidota;Flavobacteriia;Flavobacteriales;Weeksellaceae;Chryseobacterium;Chryseobacterium lactis
Chryseobacterium oranimense,1,1,Bacteria,Bacteria_none,Bacteroidota,Flavobacteriia,Flavobacteriales,Weeksellaceae,Chryseobacterium,Bacteria;Bacteria_none;Bacteroidota;Flavobacteriia;Flavobacteriales;Weeksellaceae;Chryseobacterium;Chryseobacterium oranimense
Chryseobacterium shandongense,1,1,Bacteria,Bacteria_none,Bacteroidota,Flavobacteriia,Flavobacteriales,Weeksellaceae,Chryseobacterium,Bacteria;Bacteria_none;Bacteroidota;Flavobacteriia;Flavobacteriales;Weeksellaceae;Chryseobacterium;Chryseobacterium shandongense
Elizabethkingia meningoseptica,1,1,Bacteria,Bacteria_none,Bacteroidota,Flavobacteriia,Flavobacteriales,Weeksellaceae,Elizabethkingia,Bacteria;Bacteria_none;Bacteroidota;Flavobacteriia;Flavobacteriales;Weeksellaceae;Elizabethkingia;Elizabethkingia meningoseptica
Mucilaginibacter gossypii,1,1,Bacteria,Bacteria_none,Bacteroidota,Sphingobacteriia,Sphingobacteriales,Sphingobacteriaceae,Mucilaginibacter,Bacteria;Bacteria_none;Bacteroidota;Sphingobacteriia;Sphingobacteriales;Sphingobacteriaceae;Mucilaginibacter;Mucilaginibacter gossypii
Candidatus Promineofilum breve,1,1,Bacteria,Bacteria_none,Chloroflexota,Ardenticatenia,Ardenticatenales,Ardenticatenaceae,Candidatus Promineofilum,Bacteria;Bacteria_none;Chloroflexota;Ardenticatenia;Ardenticatenales;Ardenticatenaceae;Candidatus Promineofilum;Candidatus Promineofilum breve
Microcystis aeruginosa,1,1,Bacteria,Bacteria_none,Cyanobacteriota,Cyanophyceae,Chroococcales,Microcystaceae,Microcystis,Bacteria;Bacteria_none;Cyanobacteriota;Cyanophyceae;Chroococcales;Microcystaceae;Microcystis;Microcystis aeruginosa
Planktothrix agardhii,1,1,Bacteria,Bacteria_none,Cyanobacteriota,Cyanophyceae,Oscillatoriales,Microcoleaceae,Planktothrix,Bacteria;Bacteria_none;Cyanobacteriota;Cyanophyceae;Oscillatoriales;Microcoleaceae;Planktothrix;Planktothrix agardhii
[Phormidium] sp. ETS-05,1,1,Bacteria,Bacteria_none,Cyanobacteriota,Cyanophyceae,Oscillatoriales,Oscillatoriales_Incertae_sedis,Koinonema,Bacteria;Bacteria_none;Cyanobacteriota;Cyanophyceae;Oscillatoriales;Oscillatoriales_Incertae_sedis;Koinonema;[Phormidium] sp. ETS-05
Kovacikia minuta,1,1,Bacteria,Bacteria_none,Cyanobacteriota,Cyanophyceae,Pseudanabaenales,Leptolyngbyaceae,Kovacikia,Bacteria;Bacteria_none;Cyanobacteriota;Cyanophyceae;Pseudanabaenales;Leptolyngbyaceae;Kovacikia;Kovacikia minuta
Leptolyngbya sp. BL0902,1,1,Bacteria,Bacteria_none,Cyanobacteriota,Cyanophyceae,Pseudanabaenales,Leptolyngbyaceae,Leptolyngbya,Bacteria;Bacteria_none;Cyanobacteriota;Cyanophyceae;Pseudanabaenales;Leptolyngbyaceae;Leptolyngbya;Leptolyngbya sp. BL0902
Prochlorococcus marinus,1,1,Bacteria,Bacteria_none,Cyanobacteriota,Cyanophyceae,Synechococcales,Prochlorococcaceae,Prochlorococcus,Bacteria;Bacteria_none;Cyanobacteriota;Cyanophyceae;Synechococcales;Prochlorococcaceae;Prochlorococcus;Prochlorococcus marinus
Synechococcus sp. BIOS-E4-1,1,1,Bacteria,Bacteria_none,Cyanobacteriota,Cyanophyceae,Synechococcales,Synechococcaceae,Synechococcus,Bacteria;Bacteria_none;Cyanobacteriota;Cyanophyceae;Synechococcales;Synechococcaceae;Synechococcus;Synechococcus sp. BIOS-E4-1
Fusobacterium necrophorum,1,1,Bacteria,Bacteria_none,Fusobacteriota,Fusobacteriia,Fusobacteriales,Fusobacteriaceae,Fusobacterium,Bacteria;Bacteria_none;Fusobacteriota;Fusobacteriia;Fusobacteriales;Fusobacteriaceae;Fusobacterium;Fusobacterium necrophorum
Leptotrichia hongkongensis,1,1,Bacteria,Bacteria_none,Fusobacteriota,Fusobacteriia,Fusobacteriales,Leptotrichiaceae,Leptotrichia,Bacteria;Bacteria_none;Fusobacteriota;Fusobacteriia;Fusobacteriales;Leptotrichiaceae;Leptotrichia;Leptotrichia hongkongensis
Candidatus Uabimicrobium amorphum,1,1,Bacteria,Bacteria_none,Planctomycetota,Candidatus Uabimicrobiia,Candidatus Uabimicrobiales,Candidatus Uabimicrobiaceae,Candidatus Uabimicrobium,Bacteria;Bacteria_none;Planctomycetota;Candidatus Uabimicrobiia;Candidatus Uabimicrobiales;Candidatus Uabimicrobiaceae;Candidatus Uabimicrobium;Candidatus Uabimicrobium amorphum
Tuwongella immobilis,1,1,Bacteria,Bacteria_none,Planctomycetota,Planctomycetia,Gemmatales,Gemmataceae,Tuwongella,Bacteria;Bacteria_none;Planctomycetota;Planctomycetia;Gemmatales;Gemmataceae;Tuwongella;Tuwongella immobilis
Brucella anthropi,1,1,Bacteria,Bacteria_none,Pseudomonadota,Alphaproteobacteria,Hyphomicrobiales,Brucellaceae,Brucella,Bacteria;Bacteria_none;Pseudomonadota;Alphaproteobacteria;Hyphomicrobiales;Brucellaceae;Brucella;Brucella anthropi
Bradyrhizobium septentrionale,1,1,Bacteria,Bacteria_none,Pseudomonadota,Alphaproteobacteria,Hyphomicrobiales,Nitrobacteraceae,Bradyrhizobium,Bacteria;Bacteria_none;Pseudomonadota;Alphaproteobacteria;Hyphomicrobiales;Nitrobacteraceae;Bradyrhizobium;Bradyrhizobium septentrionale
Kaustia mangrovi,1,1,Bacteria,Bacteria_none,Pseudomonadota,Alphaproteobacteria,Hyphomicrobiales,Parvibaculaceae,Kaustia,Bacteria;Bacteria_none;Pseudomonadota;Alphaproteobacteria;Hyphomicrobiales;Parvibaculaceae;Kaustia;Kaustia mangrovi
Mesorhizobium onobrychidis,1,1,Bacteria,Bacteria_none,Pseudomonadota,Alphaproteobacteria,Hyphomicrobiales,Phyllobacteriaceae,Mesorhizobium,Bacteria;Bacteria_none;Pseudomonadota;Alphaproteobacteria;Hyphomicrobiales;Phyllobacteriaceae;Mesorhizobium;Mesorhizobium onobrychidis
Mesorhizobium sp. 113-3-3,1,1,Bacteria,Bacteria_none,Pseudomonadota,Alphaproteobacteria,Hyphomicrobiales,Phyllobacteriaceae,Mesorhizobium,Bacteria;Bacteria_none;Pseudomonadota;Alphaproteobacteria;Hyphomicrobiales;Phyllobacteriaceae;Mesorhizobium;Mesorhizobium sp. 113-3-3
Liberibacter crescens,1,1,Bacteria,Bacteria_none,Pseudomonadota,Alphaproteobacteria,Hyphomicrobiales,Rhizobiaceae,Liberibacter,Bacteria;Bacteria_none;Pseudomonadota;Alphaproteobacteria;Hyphomicrobiales;Rhizobiaceae;Liberibacter;Liberibacter crescens
Rhizobium leguminosarum,1,1,Bacteria,Bacteria_none,Pseudomonadota,Alphaproteobacteria,Hyphomicrobiales,Rhizobiaceae,Rhizobium,Bacteria;Bacteria_none;Pseudomonadota;Alphaproteobacteria;Hyphomicrobiales;Rhizobiaceae;Rhizobium;Rhizobium leguminosarum
Paracoccus liaowanqingii,1,1,Bacteria,Bacteria_none,Pseudomonadota,Alphaproteobacteria,Rhodobacterales,Paracoccaceae,Paracoccus,Bacteria;Bacteria_none;Pseudomonadota;Alphaproteobacteria;Rhodobacterales;Paracoccaceae;Paracoccus;Paracoccus liaowanqingii
Tritonibacter mobilis,1,1,Bacteria,Bacteria_none,Pseudomonadota,Alphaproteobacteria,Rhodobacterales,Paracoccaceae,Tritonibacter,Bacteria;Bacteria_none;Pseudomonadota;Alphaproteobacteria;Rhodobacterales;Paracoccaceae;Tritonibacter;Tritonibacter mobilis
Salipiger sp. CCB-MM3,1,1,Bacteria,Bacteria_none,Pseudomonadota,Alphaproteobacteria,Rhodobacterales,Roseobacteraceae,Salipiger,Bacteria;Bacteria_none;Pseudomonadota;Alphaproteobacteria;Rhodobacterales;Roseobacteraceae;Salipiger;Salipiger sp. CCB-MM3
Roseomonas gilardii,1,1,Bacteria,Bacteria_none,Pseudomonadota,Alphaproteobacteria,Rhodospirillales,Acetobacteraceae,Roseomonas,Bacteria;Bacteria_none;Pseudomonadota;Alphaproteobacteria;Rhodospirillales;Acetobacteraceae;Roseomonas;Roseomonas gilardii
Pararhodospirillum photometricum,1,1,Bacteria,Bacteria_none,Pseudomonadota,Alphaproteobacteria,Rhodospirillales,Rhodospirillaceae,Pararhodospirillum,Bacteria;Bacteria_none;Pseudomonadota;Alphaproteobacteria;Rhodospirillales;Rhodospirillaceae;Pararhodospirillum;Pararhodospirillum photometricum
Candidatus Midichloria mitochondrii,1,1,Bacteria,Bacteria_none,Pseudomonadota,Alphaproteobacteria,Rickettsiales,Candidatus Midichloriaceae,Candidatus Midichloria,Bacteria;Bacteria_none;Pseudomonadota;Alphaproteobacteria;Rickettsiales;Candidatus Midichloriaceae;Candidatus Midichloria;Candidatus Midichloria mitochondrii
Rickettsia massiliae,1,1,Bacteria,Bacteria_none,Pseudomonadota,Alphaproteobacteria,Rickettsiales,Rickettsiaceae,Rickettsia,Bacteria;Bacteria_none;Pseudomonadota;Alphaproteobacteria;Rickettsiales;Rickettsiaceae;Rickettsia;Rickettsia massiliae
Rickettsia prowazekii,1,1,Bacteria,Bacteria_none,Pseudomonadota,Alphaproteobacteria,Rickettsiales,Rickettsiaceae,Rickettsia,Bacteria;Bacteria_none;Pseudomonadota;Alphaproteobacteria;Rickettsiales;Rickettsiaceae;Rickettsia;Rickettsia prowazekii
Novosphingobium sp. PP1Y,1,1,Bacteria,Bacteria_none,Pseudomonadota,Alphaproteobacteria,Sphingomonadales,Sphingomonadaceae,Novosphingobium,Bacteria;Bacteria_none;Pseudomonadota;Alphaproteobacteria;Sphingomonadales;Sphingomonadaceae;Novosphingobium;Novosphingobium sp. PP1Y
Sphingomonas sp. SUN019,1,1,Bacteria,Bacteria_none,Pseudomonadota,Alphaproteobacteria,Sphingomonadales,Sphingomonadaceae,Sphingomonas,Bacteria;Bacteria_none;Pseudomonadota;Alphaproteobacteria;Sphingomonadales;Sphingomonadaceae;Sphingomonas;Sphingomonas sp. SUN019
Burkholderia cepacia,1,1,Bacteria,Bacteria_none,Pseudomonadota,Betaproteobacteria,Burkholderiales,Burkholderiaceae,Burkholderia,Bacteria;Bacteria_none;Pseudomonadota;Betaproteobacteria;Burkholderiales;Burkholderiaceae;Burkholderia;Burkholderia cepacia
Burkholderia thailandensis,1,1,Bacteria,Bacteria_none,Pseudomonadota,Betaproteobacteria,Burkholderiales,Burkholderiaceae,Burkholderia,Bacteria;Bacteria_none;Pseudomonadota;Betaproteobacteria;Burkholderiales;Burkholderiaceae;Burkholderia;Burkholderia thailandensis
Paraburkholderia aromaticivorans,1,1,Bacteria,Bacteria_none,Pseudomonadota,Betaproteobacteria,Burkholderiales,Burkholderiaceae,Paraburkholderia,Bacteria;Bacteria_none;Pseudomonadota;Betaproteobacteria;Burkholderiales;Burkholderiaceae;Paraburkholderia;Paraburkholderia aromaticivorans
Paraburkholderia phytofirmans,1,1,Bacteria,Bacteria_none,Pseudomonadota,Betaproteobacteria,Burkholderiales,Burkholderiaceae,Paraburkholderia,Bacteria;Bacteria_none;Pseudomonadota;Betaproteobacteria;Burkholderiales;Burkholderiaceae;Paraburkholderia;Paraburkholderia phytofirmans
Polynucleobacter sp. MWH-Svant-W18,1,1,Bacteria,Bacteria_none,Pseudomonadota,Betaproteobacteria,Burkholderiales,Burkholderiaceae,Polynucleobacter,Bacteria;Bacteria_none;Pseudomonadota;Betaproteobacteria;Burkholderiales;Burkholderiaceae;Polynucleobacter;Polynucleobacter sp. MWH-Svant-W18
Ralstonia solanacearum,1,1,Bacteria,Bacteria_none,Pseudomonadota,Betaproteobacteria,Burkholderiales,Burkholderiaceae,Ralstonia,Bacteria;Bacteria_none;Pseudomonadota;Betaproteobacteria;Burkholderiales;Burkholderiaceae;Ralstonia;Ralstonia solanacearum
Xylophilus rhododendri,1,1,Bacteria,Bacteria_none,Pseudomonadota,Betaproteobacteria,Burkholderiales,Burkholderiales_Incertae_sedis,Xylophilus,Bacteria;Bacteria_none;Pseudomonadota;Betaproteobacteria;Burkholderiales;Burkholderiales_Incertae_sedis;Xylophilus;Xylophilus rhododendri
Alicycliphilus denitrificans,1,1,Bacteria,Bacteria_none,Pseudomonadota,Betaproteobacteria,Burkholderiales,Comamonadaceae,Alicycliphilus,Bacteria;Bacteria_none;Pseudomonadota;Betaproteobacteria;Burkholderiales;Comamonadaceae;Alicycliphilus;Alicycliphilus denitrificans
Variovorax sp. PAMC26660,1,1,Bacteria,Bacteria_none,Pseudomonadota,Betaproteobacteria,Burkholderiales,Comamonadaceae,Variovorax,Bacteria;Bacteria_none;Pseudomonadota;Betaproteobacteria;Burkholderiales;Comamonadaceae;Variovorax;Variovorax sp. PAMC26660
Collimonas fungivorans,1,1,Bacteria,Bacteria_none,Pseudomonadota,Betaproteobacteria,Burkholderiales,Oxalobacteraceae,Collimonas,Bacteria;Bacteria_none;Pseudomonadota;Betaproteobacteria;Burkholderiales;Oxalobacteraceae;Collimonas;Collimonas fungivorans
Massilia sp. erpn,1,1,Bacteria,Bacteria_none,Pseudomonadota,Betaproteobacteria,Burkholderiales,Oxalobacteraceae,Massilia,Bacteria;Bacteria_none;Pseudomonadota;Betaproteobacteria;Burkholderiales;Oxalobacteraceae;Massilia;Massilia sp. erpn
Alysiella crassa,1,1,Bacteria,Bacteria_none,Pseudomonadota,Betaproteobacteria,Neisseriales,Neisseriaceae,Alysiella,Bacteria;Bacteria_none;Pseudomonadota;Betaproteobacteria;Neisseriales;Neisseriaceae;Alysiella;Alysiella crassa
Ferribacterium limneticum,1,1,Bacteria,Bacteria_none,Pseudomonadota,Betaproteobacteria,Rhodocyclales,Azonexaceae,Ferribacterium,Bacteria;Bacteria_none;Pseudomonadota;Betaproteobacteria;Rhodocyclales;Azonexaceae;Ferribacterium;Ferribacterium limneticum
Desulfovibrio sp. 86,1,1,Bacteria,Bacteria_none,Pseudomonadota,Deltaproteobacteria,Desulfovibrionales,Desulfovibrionaceae,Desulfovibrio,Bacteria;Bacteria_none;Pseudomonadota;Deltaproteobacteria;Desulfovibrionales;Desulfovibrionaceae;Desulfovibrio;Desulfovibrio sp. 86
Sorangium cellulosum,1,1,Bacteria,Bacteria_none,Pseudomonadota,Deltaproteobacteria,Myxococcales,Polyangiaceae,Sorangium,Bacteria;Bacteria_none;Pseudomonadota;Deltaproteobacteria;Myxococcales;Polyangiaceae;Sorangium;Sorangium cellulosum
Candidatus Campylobacter infans,1,1,Bacteria,Bacteria_none,Pseudomonadota,Epsilonproteobacteria,Campylobacterales,Campylobacteraceae,Campylobacter,Bacteria;Bacteria_none;Pseudomonadota;Epsilonproteobacteria;Campylobacterales;Campylobacteraceae;Campylobacter;Candidatus Campylobacter infans
Helicobacter acinonychis,1,1,Bacteria,Bacteria_none,Pseudomonadota,Epsilonproteobacteria,Campylobacterales,Helicobacteraceae,Helicobacter,Bacteria;Bacteria_none;Pseudomonadota;Epsilonproteobacteria;Campylobacterales;Helicobacteraceae;Helicobacter;Helicobacter acinonychis
Saccharobesus litoralis,1,1,Bacteria,Bacteria_none,Pseudomonadota,Gammaproteobacteria,Alteromonadales,Alteromonadaceae,Saccharobesus,Bacteria;Bacteria_none;Pseudomonadota;Gammaproteobacteria;Alteromonadales;Alteromonadaceae;Saccharobesus;Saccharobesus litoralis
Cognaticolwellia beringensis,1,1,Bacteria,Bacteria_none,Pseudomonadota,Gammaproteobacteria,Alteromonadales,Colwelliaceae,Cognaticolwellia,Bacteria;Bacteria_none;Pseudomonadota;Gammaproteobacteria;Alteromonadales;Colwelliaceae;Cognaticolwellia;Cognaticolwellia beringensis
Moritella yayanosii,1,1,Bacteria,Bacteria_none,Pseudomonadota,Gammaproteobacteria,Alteromonadales,Moritellaceae,Moritella,Bacteria;Bacteria_none;Pseudomonadota;Gammaproteobacteria;Alteromonadales;Moritellaceae;Moritella;Moritella yayanosii
Shewanella khirikhana,1,1,Bacteria,Bacteria_none,Pseudomonadota,Gammaproteobacteria,Alteromonadales,Shewanellaceae,Shewanella,Bacteria;Bacteria_none;Pseudomonadota;Gammaproteobacteria;Alteromonadales;Shewanellaceae;Shewanella;Shewanella khirikhana
Shewanella piezotolerans,1,1,Bacteria,Bacteria_none,Pseudomonadota,Gammaproteobacteria,Alteromonadales,Shewanellaceae,Shewanella,Bacteria;Bacteria_none;Pseudomonadota;Gammaproteobacteria;Alteromonadales;Shewanellaceae;Shewanella;Shewanella piezotolerans
Shewanella seohaensis,1,1,Bacteria,Bacteria_none,Pseudomonadota,Gammaproteobacteria,Alteromonadales,Shewanellaceae,Shewanella,Bacteria;Bacteria_none;Pseudomonadota;Gammaproteobacteria;Alteromonadales;Shewanellaceae;Shewanella;Shewanella seohaensis
Shewanella sp. ANA-3,1,1,Bacteria,Bacteria_none,Pseudomonadota,Gammaproteobacteria,Alteromonadales,Shewanellaceae,Shewanella,Bacteria;Bacteria_none;Pseudomonadota;Gammaproteobacteria;Alteromonadales;Shewanellaceae;Shewanella;Shewanella sp. ANA-3
Candidatus Thiodictyon syntrophicum,1,1,Bacteria,Bacteria_none,Pseudomonadota,Gammaproteobacteria,Chromatiales,Chromatiaceae,Thiodictyon,Bacteria;Bacteria_none;Pseudomonadota;Gammaproteobacteria;Chromatiales;Chromatiaceae;Thiodictyon;Candidatus Thiodictyon syntrophicum
Citrobacter braakii,1,1,Bacteria,Bacteria_none,Pseudomonadota,Gammaproteobacteria,Enterobacterales,Enterobacteriaceae,Citrobacter,Bacteria;Bacteria_none;Pseudomonadota;Gammaproteobacteria;Enterobacterales;Enterobacteriaceae;Citrobacter;Citrobacter braakii
Kluyvera intermedia,1,1,Bacteria,Bacteria_none,Pseudomonadota,Gammaproteobacteria,Enterobacterales,Enterobacteriaceae,Kluyvera,Bacteria;Bacteria_none;Pseudomonadota;Gammaproteobacteria;Enterobacterales;Enterobacteriaceae;Kluyvera;Kluyvera intermedia
Kosakonia oryzae,1,1,Bacteria,Bacteria_none,Pseudomonadota,Gammaproteobacteria,Enterobacterales,Enterobacteriaceae,Kosakonia,Bacteria;Bacteria_none;Pseudomonadota;Gammaproteobacteria;Enterobacterales;Enterobacteriaceae;Kosakonia;Kosakonia oryzae
Shigella dysenteriae,1,1,Bacteria,Bacteria_none,Pseudomonadota,Gammaproteobacteria,Enterobacterales,Enterobacteriaceae,Shigella,Bacteria;Bacteria_none;Pseudomonadota;Gammaproteobacteria;Enterobacterales;Enterobacteriaceae;Shigella;Shigella dysenteriae
Edwardsiella ictaluri,1,1,Bacteria,Bacteria_none,Pseudomonadota,Gammaproteobacteria,Enterobacterales,Hafniaceae,Edwardsiella,Bacteria;Bacteria_none;Pseudomonadota;Gammaproteobacteria;Enterobacterales;Hafniaceae;Edwardsiella;Edwardsiella ictaluri
Brenneria goodwinii,1,1,Bacteria,Bacteria_none,Pseudomonadota,Gammaproteobacteria,Enterobacterales,Pectobacteriaceae,Brenneria,Bacteria;Bacteria_none;Pseudomonadota;Gammaproteobacteria;Enterobacterales;Pectobacteriaceae;Brenneria;Brenneria goodwinii
Rahnella aquatilis,1,1,Bacteria,Bacteria_none,Pseudomonadota,Gammaproteobacteria,Enterobacterales,Yersiniaceae,Rahnella,Bacteria;Bacteria_none;Pseudomonadota;Gammaproteobacteria;Enterobacterales;Yersiniaceae;Rahnella;Rahnella aquatilis
Rouxiella chamberiensis,1,1,Bacteria,Bacteria_none,Pseudomonadota,Gammaproteobacteria,Enterobacterales,Yersiniaceae,Rouxiella,Bacteria;Bacteria_none;Pseudomonadota;Gammaproteobacteria;Enterobacterales;Yersiniaceae;Rouxiella;Rouxiella chamberiensis
Legionella longbeachae,1,1,Bacteria,Bacteria_none,Pseudomonadota,Gammaproteobacteria,Legionellales,Legionellaceae,Legionella,Bacteria;Bacteria_none;Pseudomonadota;Gammaproteobacteria;Legionellales;Legionellaceae;Legionella;Legionella longbeachae
Legionella sp. PC997,1,1,Bacteria,Bacteria_none,Pseudomonadota,Gammaproteobacteria,Legionellales,Legionellaceae,Legionella,Bacteria;Bacteria_none;Pseudomonadota;Gammaproteobacteria;Legionellales;Legionellaceae;Legionella;Legionella sp. PC997
Legionella waltersii,1,1,Bacteria,Bacteria_none,Pseudomonadota,Gammaproteobacteria,Legionellales,Legionellaceae,Legionella,Bacteria;Bacteria_none;Pseudomonadota;Gammaproteobacteria;Legionellales;Legionellaceae;Legionella;Legionella waltersii
Methylomagnum ishizawai,1,1,Bacteria,Bacteria_none,Pseudomonadota,Gammaproteobacteria,Methylococcales,Methylococcaceae,Methylomagnum,Bacteria;Bacteria_none;Pseudomonadota;Gammaproteobacteria;Methylococcales;Methylococcaceae;Methylomagnum;Methylomagnum ishizawai
Acinetobacter baylyi,1,1,Bacteria,Bacteria_none,Pseudomonadota,Gammaproteobacteria,Moraxellales,Moraxellaceae,Acinetobacter,Bacteria;Bacteria_none;Pseudomonadota;Gammaproteobacteria;Moraxellales;Moraxellaceae;Acinetobacter;Acinetobacter baylyi
Acinetobacter equi,1,1,Bacteria,Bacteria_none,Pseudomonadota,Gammaproteobacteria,Moraxellales,Moraxellaceae,Acinetobacter,Bacteria;Bacteria_none;Pseudomonadota;Gammaproteobacteria;Moraxellales;Moraxellaceae;Acinetobacter;Acinetobacter equi
Acinetobacter shaoyimingii,1,1,Bacteria,Bacteria_none,Pseudomonadota,Gammaproteobacteria,Moraxellales,Moraxellaceae,Acinetobacter,Bacteria;Bacteria_none;Pseudomonadota;Gammaproteobacteria;Moraxellales;Moraxellaceae;Acinetobacter;Acinetobacter shaoyimingii
Acinetobacter soli,1,1,Bacteria,Bacteria_none,Pseudomonadota,Gammaproteobacteria,Moraxellales,Moraxellaceae,Acinetobacter,Bacteria;Bacteria_none;Pseudomonadota;Gammaproteobacteria;Moraxellales;Moraxellaceae;Acinetobacter;Acinetobacter soli
Acinetobacter sp. WCHAc010034,1,1,Bacteria,Bacteria_none,Pseudomonadota,Gammaproteobacteria,Moraxellales,Moraxellaceae,Acinetobacter,Bacteria;Bacteria_none;Pseudomonadota;Gammaproteobacteria;Moraxellales;Moraxellaceae;Acinetobacter;Acinetobacter sp. WCHAc010034
Psychrobacter sp. MES7-P7E,1,1,Bacteria,Bacteria_none,Pseudomonadota,Gammaproteobacteria,Moraxellales,Moraxellaceae,Psychrobacter,Bacteria;Bacteria_none;Pseudomonadota;Gammaproteobacteria;Moraxellales;Moraxellaceae;Psychrobacter;Psychrobacter sp. MES7-P7E
Halomonas sp. KO116,1,1,Bacteria,Bacteria_none,Pseudomonadota,Gammaproteobacteria,Oceanospirillales,Halomonadaceae,Halomonas,Bacteria;Bacteria_none;Pseudomonadota;Gammaproteobacteria;Oceanospirillales;Halomonadaceae;Halomonas;Halomonas sp. KO116
Avibacterium volantium,1,1,Bacteria,Bacteria_none,Pseudomonadota,Gammaproteobacteria,Pasteurellales,Pasteurellaceae,Avibacterium,Bacteria;Bacteria_none;Pseudomonadota;Gammaproteobacteria;Pasteurellales;Pasteurellaceae;Avibacterium;Avibacterium volantium
Pseudomonas allokribbensis,1,1,Bacteria,Bacteria_none,Pseudomonadota,Gammaproteobacteria,Pseudomonadales,Pseudomonadaceae,Pseudomonas,Bacteria;Bacteria_none;Pseudomonadota;Gammaproteobacteria;Pseudomonadales;Pseudomonadaceae;Pseudomonas;Pseudomonas allokribbensis
Pseudomonas tensinigenes,1,1,Bacteria,Bacteria_none,Pseudomonadota,Gammaproteobacteria,Pseudomonadales,Pseudomonadaceae,Pseudomonas,Bacteria;Bacteria_none;Pseudomonadota;Gammaproteobacteria;Pseudomonadales;Pseudomonadaceae;Pseudomonas;Pseudomonas tensinigenes
Pseudomonas viridiflava,1,1,Bacteria,Bacteria_none,Pseudomonadota,Gammaproteobacteria,Pseudomonadales,Pseudomonadaceae,Pseudomonas,Bacteria;Bacteria_none;Pseudomonadota;Gammaproteobacteria;Pseudomonadales;Pseudomonadaceae;Pseudomonas;Pseudomonas viridiflava
Vibrio alginolyticus,1,1,Bacteria,Bacteria_none,Pseudomonadota,Gammaproteobacteria,Vibrionales,Vibrionaceae,Vibrio,Bacteria;Bacteria_none;Pseudomonadota;Gammaproteobacteria;Vibrionales;Vibrionaceae;Vibrio;Vibrio alginolyticus
Luteibacter rhizovicinus,1,1,Bacteria,Bacteria_none,Pseudomonadota,Gammaproteobacteria,Xanthomonadales,Rhodanobacteraceae,Luteibacter,Bacteria;Bacteria_none;Pseudomonadota;Gammaproteobacteria;Xanthomonadales;Rhodanobacteraceae;Luteibacter;Luteibacter rhizovicinus
Xanthomonas oryzae,1,1,Bacteria,Bacteria_none,Pseudomonadota,Gammaproteobacteria,Xanthomonadales,Xanthomonadaceae,Xanthomonas,Bacteria;Bacteria_none;Pseudomonadota;Gammaproteobacteria;Xanthomonadales;Xanthomonadaceae;Xanthomonas;Xanthomonas oryzae
Halobacteriovorax sp. BALOs_7,1,1,Bacteria,Bacteria_none,Pseudomonadota,Oligoflexia,Bacteriovoracales,Halobacteriovoraceae,Halobacteriovorax,Bacteria;Bacteria_none;Pseudomonadota;Oligoflexia;Bacteriovoracales;Halobacteriovoraceae;Halobacteriovorax;Halobacteriovorax sp. BALOs_7
Thermovirga lienii,1,1,Bacteria,Bacteria_none,Synergistota,Synergistia,Synergistales,Thermovirgaceae,Thermovirga,Bacteria;Bacteria_none;Synergistota;Synergistia;Synergistales;Thermovirgaceae;Thermovirga;Thermovirga lienii
Plasmodium berghei,1,1,Eukaryota,Eukaryota_Incertae_sedis,Apicomplexa,Aconoidasida,Haemosporida,Plasmodiidae,Plasmodium,Eukaryota;Eukaryota_Incertae_sedis;Apicomplexa;Aconoidasida;Haemosporida;Plasmodiidae;Plasmodium;Plasmodium berghei
Plasmodium chabaudi,1,1,Eukaryota,Eukaryota_Incertae_sedis,Apicomplexa,Aconoidasida,Haemosporida,Plasmodiidae,Plasmodium,Eukaryota;Eukaryota_Incertae_sedis;Apicomplexa;Aconoidasida;Haemosporida;Plasmodiidae;Plasmodium;Plasmodium chabaudi
Plasmodium cynomolgi,1,1,Eukaryota,Eukaryota_Incertae_sedis,Apicomplexa,Aconoidasida,Haemosporida,Plasmodiidae,Plasmodium,Eukaryota;Eukaryota_Incertae_sedis;Apicomplexa;Aconoidasida;Haemosporida;Plasmodiidae;Plasmodium;Plasmodium cynomolgi
Plasmodium gaboni,1,1,Eukaryota,Eukaryota_Incertae_sedis,Apicomplexa,Aconoidasida,Haemosporida,Plasmodiidae,Plasmodium,Eukaryota;Eukaryota_Incertae_sedis;Apicomplexa;Aconoidasida;Haemosporida;Plasmodiidae;Plasmodium;Plasmodium gaboni
Plasmodium knowlesi,1,1,Eukaryota,Eukaryota_Incertae_sedis,Apicomplexa,Aconoidasida,Haemosporida,Plasmodiidae,Plasmodium,Eukaryota;Eukaryota_Incertae_sedis;Apicomplexa;Aconoidasida;Haemosporida;Plasmodiidae;Plasmodium;Plasmodium knowlesi
Plasmodium reichenowi,1,1,Eukaryota,Eukaryota_Incertae_sedis,Apicomplexa,Aconoidasida,Haemosporida,Plasmodiidae,Plasmodium,Eukaryota;Eukaryota_Incertae_sedis;Apicomplexa;Aconoidasida;Haemosporida;Plasmodiidae;Plasmodium;Plasmodium reichenowi
Plasmodium yoelii,1,1,Eukaryota,Eukaryota_Incertae_sedis,Apicomplexa,Aconoidasida,Haemosporida,Plasmodiidae,Plasmodium,Eukaryota;Eukaryota_Incertae_sedis;Apicomplexa;Aconoidasida;Haemosporida;Plasmodiidae;Plasmodium;Plasmodium yoelii
Babesia microti,1,1,Eukaryota,Eukaryota_Incertae_sedis,Apicomplexa,Aconoidasida,Piroplasmida,Babesiidae,Babesia,Eukaryota;Eukaryota_Incertae_sedis;Apicomplexa;Aconoidasida;Piroplasmida;Babesiidae;Babesia;Babesia microti
Cryptosporidium parvum,1,1,Eukaryota,Eukaryota_Incertae_sedis,Apicomplexa,Conoidasida,Eucoccidiorida,Cryptosporidiidae,Cryptosporidium,Eukaryota;Eukaryota_Incertae_sedis;Apicomplexa;Conoidasida;Eucoccidiorida;Cryptosporidiidae;Cryptosporidium;Cryptosporidium parvum
Toxoplasma gondii,1,1,Eukaryota,Eukaryota_Incertae_sedis,Apicomplexa,Conoidasida,Eucoccidiorida,Sarcocystidae,Toxoplasma,Eukaryota;Eukaryota_Incertae_sedis;Apicomplexa;Conoidasida;Eucoccidiorida;Sarcocystidae;Toxoplasma;Toxoplasma gondii
Leishmania mexicana,1,1,Eukaryota,Eukaryota_Incertae_sedis,Euglenozoa,Kinetoplastea,Trypanosomatida,Trypanosomatidae,Leishmania,Eukaryota;Eukaryota_Incertae_sedis;Euglenozoa;Kinetoplastea;Trypanosomatida;Trypanosomatidae;Leishmania;Leishmania mexicana
Fulvia fulva,1,1,Eukaryota,Fungi,Ascomycota,Dothideomycetes,Mycosphaerellales,Mycosphaerellaceae,Fulvia,Eukaryota;Fungi;Ascomycota;Dothideomycetes;Mycosphaerellales;Mycosphaerellaceae;Fulvia;Fulvia fulva
Aspergillus puulaauensis,1,1,Eukaryota,Fungi,Ascomycota,Eurotiomycetes,Eurotiales,Aspergillaceae,Aspergillus,Eukaryota;Fungi;Ascomycota;Eurotiomycetes;Eurotiales;Aspergillaceae;Aspergillus;Aspergillus puulaauensis
Penicillium oxalicum,1,1,Eukaryota,Fungi,Ascomycota,Eurotiomycetes,Eurotiales,Aspergillaceae,Penicillium,Eukaryota;Fungi;Ascomycota;Eurotiomycetes;Eurotiales;Aspergillaceae;Penicillium;Penicillium oxalicum
Brettanomyces nanus,1,1,Eukaryota,Fungi,Ascomycota,Saccharomycetes,Saccharomycetales,Pichiaceae,Brettanomyces,Eukaryota;Fungi;Ascomycota;Saccharomycetes;Saccharomycetales;Pichiaceae;Brettanomyces;Brettanomyces nanus
Pichia kudriavzevii,1,1,Eukaryota,Fungi,Ascomycota,Saccharomycetes,Saccharomycetales,Pichiaceae,Pichia,Eukaryota;Fungi;Ascomycota;Saccharomycetes;Saccharomycetales;Pichiaceae;Pichia;Pichia kudriavzevii
Saccharomyces cerevisiae,1,1,Eukaryota,Fungi,Ascomycota,Saccharomycetes,Saccharomycetales,Saccharomycetaceae,Saccharomyces,Eukaryota;Fungi;Ascomycota;Saccharomycetes;Saccharomycetales;Saccharomycetaceae;Saccharomyces;Saccharomyces cerevisiae
Saccharomyces paradoxus,1,1,Eukaryota,Fungi,Ascomycota,Saccharomycetes,Saccharomycetales,Saccharomycetaceae,Saccharomyces,Eukaryota;Fungi;Ascomycota;Saccharomycetes;Saccharomycetales;Saccharomycetaceae;Saccharomyces;Saccharomyces paradoxus
Torulaspora globosa,1,1,Eukaryota,Fungi,Ascomycota,Saccharomycetes,Saccharomycetales,Saccharomycetaceae,Torulaspora,Eukaryota;Fungi;Ascomycota;Saccharomycetes;Saccharomycetales;Saccharomycetaceae;Torulaspora;Torulaspora globosa
Colletotrichum lupini,1,1,Eukaryota,Fungi,Ascomycota,Sordariomycetes,Glomerellales,Glomerellaceae,Colletotrichum,Eukaryota;Fungi;Ascomycota;Sordariomycetes;Glomerellales;Glomerellaceae;Colletotrichum;Colletotrichum lupini
Fusarium oxysporum,1,1,Eukaryota,Fungi,Ascomycota,Sordariomycetes,Hypocreales,Nectriaceae,Fusarium,Eukaryota;Fungi;Ascomycota;Sordariomycetes;Hypocreales;Nectriaceae;Fusarium;Fusarium oxysporum
Fusarium venenatum,1,1,Eukaryota,Fungi,Ascomycota,Sordariomycetes,Hypocreales,Nectriaceae,Fusarium,Eukaryota;Fungi;Ascomycota;Sordariomycetes;Hypocreales;Nectriaceae;Fusarium;Fusarium venenatum
Drechmeria coniospora,1,1,Eukaryota,Fungi,Ascomycota,Sordariomycetes,Hypocreales,Ophiocordycipitaceae,Drechmeria,Eukaryota;Fungi;Ascomycota;Sordariomycetes;Hypocreales;Ophiocordycipitaceae;Drechmeria;Drechmeria coniospora
Purpureocillium takamizusanense,1,1,Eukaryota,Fungi,Ascomycota,Sordariomycetes,Hypocreales,Ophiocordycipitaceae,Purpureocillium,Eukaryota;Fungi;Ascomycota;Sordariomycetes;Hypocreales;Ophiocordycipitaceae;Purpureocillium;Purpureocillium takamizusanense
Pyricularia grisea,1,1,Eukaryota,Fungi,Ascomycota,Sordariomycetes,Magnaporthales,Pyriculariaceae,Pyricularia,Eukaryota;Fungi;Ascomycota;Sordariomycetes;Magnaporthales;Pyriculariaceae;Pyricularia;Pyricularia grisea
Thermothelomyces thermophilus,1,1,Eukaryota,Fungi,Ascomycota,Sordariomycetes,Sordariales,Chaetomiaceae,Thermothelomyces,Eukaryota;Fungi;Ascomycota;Sordariomycetes;Sordariales;Chaetomiaceae;Thermothelomyces;Thermothelomyces thermophilus
Thermothielavioides terrestris,1,1,Eukaryota,Fungi,Ascomycota,Sordariomycetes,Sordariales,Chaetomiaceae,Thermothielavioides,Eukaryota;Fungi;Ascomycota;Sordariomycetes;Sordariales;Chaetomiaceae;Thermothielavioides;Thermothielavioides terrestris
Neurospora crassa,1,1,Eukaryota,Fungi,Ascomycota,Sordariomycetes,Sordariales,Sordariaceae,Neurospora,Eukaryota;Fungi;Ascomycota;Sordariomycetes;Sordariales;Sordariaceae;Neurospora;Neurospora crassa
Marasmius oreades,1,1,Eukaryota,Fungi,Basidiomycota,Agaricomycetes,Agaricales,Marasmiaceae,Marasmius,Eukaryota;Fungi;Basidiomycota;Agaricomycetes;Agaricales;Marasmiaceae;Marasmius;Marasmius oreades
Psilocybe cubensis,1,1,Eukaryota,Fungi,Basidiomycota,Agaricomycetes,Agaricales,Strophariaceae,Psilocybe,Eukaryota;Fungi;Basidiomycota;Agaricomycetes;Agaricales;Strophariaceae;Psilocybe;Psilocybe cubensis
Rhizoctonia solani,1,1,Eukaryota,Fungi,Basidiomycota,Agaricomycetes,Cantharellales,Ceratobasidiaceae,Rhizoctonia,Eukaryota;Fungi;Basidiomycota;Agaricomycetes;Cantharellales;Ceratobasidiaceae;Rhizoctonia;Rhizoctonia solani
Puccinia triticina,1,1,Eukaryota,Fungi,Basidiomycota,Pucciniomycetes,Pucciniales,Pucciniaceae,Puccinia,Eukaryota;Fungi;Basidiomycota;Pucciniomycetes;Pucciniales;Pucciniaceae;Puccinia;Puccinia triticina
Cryptococcus neoformans,1,1,Eukaryota,Fungi,Basidiomycota,Tremellomycetes,Tremellales,Cryptococcaceae,Cryptococcus,Eukaryota;Fungi;Basidiomycota;Tremellomycetes;Tremellales;Cryptococcaceae;Cryptococcus;Cryptococcus neoformans
Micromonas commoda,1,1,Eukaryota,Viridiplantae,Chlorophyta,Mamiellophyceae,Mamiellales,Mamiellaceae,Micromonas,Eukaryota;Viridiplantae;Chlorophyta;Mamiellophyceae;Mamiellales;Mamiellaceae;Micromonas;Micromonas commoda
Arabidopsis thaliana,1,1,Eukaryota,Viridiplantae,Streptophyta,Magnoliopsida,Brassicales,Brassicaceae,Arabidopsis,Eukaryota;Viridiplantae;Streptophyta;Magnoliopsida;Brassicales;Brassicaceae;Arabidopsis;Arabidopsis thaliana
Brassica rapa,1,1,Eukaryota,Viridiplantae,Streptophyta,Magnoliopsida,Brassicales,Brassicaceae,Brassica,Eukaryota;Viridiplantae;Streptophyta;Magnoliopsida;Brassicales;Brassicaceae;Brassica;Brassica rapa
Malus sylvestris,1,1,Eukaryota,Viridiplantae,Streptophyta,Magnoliopsida,Rosales,Rosaceae,Malus,Eukaryota;Viridiplantae;Streptophyta;Magnoliopsida;Rosales;Rosaceae;Malus;Malus sylvestris
Lowelvirus tuscon4d,1,1,Viruses,Heunggongvirae,Uroviricota,Caudoviricetes,Caudoviricetes_Incertae_sedis,Kyanoviridae,Lowelvirus,Viruses;Heunggongvirae;Uroviricota;Caudoviricetes;Caudoviricetes_Incertae_sedis;Kyanoviridae;Lowelvirus;Lowelvirus tuscon4d
Moloney murine sarcoma virus,1,1,Viruses,Pararnavirae,Artverviricota,Revtraviricetes,Ortervirales,Retroviridae,Gammaretrovirus,Viruses;Pararnavirae;Artverviricota;Revtraviricetes;Ortervirales;Retroviridae;Gammaretrovirus;Moloney murine sarcoma virus
Murine leukemia-related retroviruses,1,1,Viruses,Pararnavirae,Artverviricota,Revtraviricetes,Ortervirales,Retroviridae,Gammaretrovirus,Viruses;Pararnavirae;Artverviricota;Revtraviricetes;Ortervirales;Retroviridae;Gammaretrovirus;Murine leukemia-related retroviruses